symbol,ath
20MICRONS,339.0
21STCENMGM,138.6300048828125
360ONE,1297.1500244140625
3BBLACKBIO,1350.300048828125
3IINFOLTD,116.6500015258789
3MINDIA,40020.6015625
3PLAND,78.16000366210938
5PAISA,736.0499877929688
63MOONS,1100.5
A2ZINFRA,51.70000076293945
AAATECH,146.22999572753906
AADHARHFC,556.5
AAKASH,33.599998474121094
AAREYDRUGS,99.25
AARNAV,35.369998931884766
AARON,238.8500061035156
AARTECH,100.37999725341795
AARTIDRUGS,1011.8499755859376
AARTIIND,1156.550048828125
AARTIPHARM,964.9000244140624
AARTISURF,1758.3267822265625
AARVI,191.1999969482422
AASTHA,136.49000549316406
AAVAS,3195.800048828125
ABAN,279.0
ABANSENT,30.299999237060547
ABB,9020.0
ABBOTINDIA,35670.0
ABCAPITAL,424.7000122070313
ABCOTS,496.5
ABDL,702.7000122070312
ABFRL,358.1499938964844
ABINFRA,21.96999931335449
ABLBL,165.1699981689453
ABMINTLLTD,243.125
ABMKNO,192.2400054931641
ABREL,3052.800048828125
ABSLAMC,1199.0
ACC,2772.25
ACCELYA,2057.0
ACCURACY,29.170000076293945
ACE,1606.4000244140625
ACEINTEG,74.0
ACGL,1806.199951171875
ACI,822.75
ACL,733.0
ACMESOLAR,409.1499938964844
ACSTECH,51.38999938964844
ACUTAAS,3694.800048828125
ADANIENSOL,4105.39990234375
ADANIENT,4165.2998046875
ADANIGREEN,2970.5
ADANIPORTS,1883.199951171875
ADANIPOWER,248.91000366210935
ADDIND,89.5
ADFFOODS,347.6499938964844
ADL,146.60000610351562
ADOR,1684.0
ADROITINFO,56.55405807495117
ADSL,309.3500061035156
ADVAIT,2450.60009765625
ADVANCE,147.57000732421875
ADVANIHOTR,87.5
ADVENTHTL,328.6499938964844
ADVENZYMES,549.9000244140625
ADVIKCA,1.2300000190734863
AEGISLOG,1417.9000244140625
AEGISVOPAK,303.489990234375
AEPL,19.65999984741211
AEQUS,262.45001220703125
AEROENTER,147.92999267578125
AEROFLEX,542.0999755859375
AERONEU,131.10000610351562
AEROPLANE,201.38999938964844
AETHER,1696.800048828125
AFCONS,545.5499877929688
AFFLE,2146.699951171875
AFFORDABLE,735.7999877929688
AFIL,13.335000038146973
AFSL,607.3499755859375
AGARIND,1361.699951171875
AGARWALEYE,560.7000122070312
AGI,1284.449951171875
AGL,20.899999618530277
AGRITECH,281.04998779296875
AGROPHOS,154.25
AHCL,16.861000061035156
AHLADA,237.8500061035156
AHLEAST,209.53404235839844
AHLUCONT,1495.699951171875
AHLWEST,715.6500244140625
AIAENG,5081.39990234375
AIIL,667.9000244140625
AIRAN,44.34999847412109
AIROLAM,190.3000030517578
AJANTPHARM,3718.199951171875
AJAXENGG,742.2999877929688
AJMERA,234.1699981689453
AJOONI,12.719108581542969
AKASH,269.6499938964844
AKCAPIT,1765.199951171875
AKG,49.06748962402344
AKI,32.349998474121094
AKSHAR,10.608332633972168
AKSHARCHEM,940.2000122070312
AKSHOPTFBR,44.79999923706055
AKUMS,1119.949951171875
ALANKIT,84.55000305175781
ALBERTDAVD,1697.449951171875
ALEMBICLTD,164.1699981689453
ALFREDHE,3034.89990234375
ALGOQUANT,69.33999633789062
ALICON,1513.3499755859375
ALIVUS,1398.699951171875
ALKALI,172.0
ALKEM,6366.25
ALKYLAMINE,4622.64990234375
ALLCARGO,119.0875015258789
ALMONDZ,37.27000045776367
ALOKINDS,55.75
ALPA,139.1999969482422
ALPHAGEO,1123.699951171875
ALPINETEX,99.75
ALUFLUOR,460.4500122070313
AMAGI,674.7000122070312
AMAL,793.5999755859375
AMANTA,205.1699981689453
AMARJOTHI,163.61000061035156
AMBALALSA,48.27000045776367
AMBER,8842.5
AMBICAAGAR,42.29999923706055
AMBIKCO,2739.199951171875
AMBUJACEM,695.0
AMDIND,102.75
AMJLAND,72.6500015258789
AMNPLST,344.8999938964844
AMRUTANJAN,992.0499877929688
ANANDRATHI,2198.800048828125
ANANTRAJ,935.5499877929688
ANDHRAPAP,129.5800018310547
ANDHRSUGAR,171.6999969482422
ANDREWYU,39.0
ANGELONE,380.5650024414063
ANIKINDS,130.72000122070312
ANMOL,65.4000015258789
ANNAPURNA,484.5
ANSALBU,85.69000244140625
ANTELOPUS,1022.9500122070312
ANTGRAPHIC,3.200000047683716
ANTHEM,924.5999755859376
ANUHPHR,115.51000213623048
ANUP,3741.75
ANURAS,1376.0
APARINDS,18000.0
APCL,478.7817077636719
APCOTEXIND,681.5999755859375
APEX,901.25
APLAPOLLO,2280.800048828125
APLLTD,1247.699951171875
APOLLO,450.0499877929688
APOLLOHOSP,9050.0
APOLLOPIPE,779.5999755859375
APOLSINHOT,2533.75
APTECHT,409.8214416503906
APTUS,390.3999938964844
AQYLON,30250.0
ARCHIDPLY,144.5399932861328
ARCHIES,53.29999923706055
ARCL,237.9900054931641
ARDEE,67.12000274658203
ARE&M,1714.949951171875
ARENTERP,85.20999908447266
ARFIN,99.7699966430664
ARIES,503.7000122070313
ARIHANT,1149.5999755859375
ARIHANTCAP,119.45999908447266
ARIHANTSUP,542.9000244140625
ARIS,177.14999389648438
ARKADE,208.83999633789065
ARMANFIN,2641.449951171875
AROGRANITE,96.1999969482422
ARROWGREEN,1085.8499755859375
ARSSBL,773.9500122070312
ARTEMISMED,340.5
ARTNIRMAN,186.6000061035156
ARVEE,306.70001220703125
ARVIND,587.0999755859375
ARVINDFASN,786.442626953125
ARVSMART,1006.9000244140624
ASAHIINDIA,1066.4000244140625
ASAHISONG,572.5
ASAL,1043.800048828125
ASALCBR,1456.199951171875
ASHIANA,452.0499877929688
ASHIKAG,439.2000122070313
ASHIMASYN,49.400001525878906
ASHOKA,313.19000244140625
ASHOKAMET,34.5
ASHOKLEY,211.9199981689453
ASIANENE,492.7000122070313
ASIANHOTNR,399.5499877929688
ASIANPAINT,3576.300048828125
ASIANTILES,386.8332824707031
ASIANTNE,9.649999618530272
ASKAUTOLTD,678.7999877929688
ASPINWALL,553.0
ASSAMENT,807.5
ASTAR,600.0
ASTEC,2250.75
ASTERDM,869.7000122070312
ASTRAL,2417.75
ASTRAZEN,10509.5
ATALREAL,36.130001068115234
ATAM,256.75
ATGL,3918.89990234375
ATHERENERG,1616.300048828125
ATL,78.75
ATLANTAA,127.8499984741211
ATLANTAELE,2151.5
ATLASCYCLE,341.5249938964844
ATUL,10824.150390625
ATULAUTO,799.7000122070312
AUBANK,1128.5999755859375
AURIONPRO,1951.949951171875
AURUM,720.2597045898438
AURUS,50.71428680419922
AUSOMENT,172.49000549316406
AUSTENG,126.81999969482422
AUTOAXLES,2616.0
AUTOIND,159.85000610351562
AVALON,2256.60009765625
AVANTEL,211.66000366210935
AVANTIFEED,1503.4000244140625
AVG,634.25
AVL,668.5499877929688
AVONMORE,28.68000030517578
AVROIND,23.052000045776367
AVTNPL,131.39999389648438
AWFIS,899.9000244140625
AWHCL,881.0999755859375
AWL,841.0
AXISBANK,1403.0
AXISCADES,2173.60009765625
AXTEL,416.3999938964844
AYE,189.1300048828125
AYMSYNTEX,310.5899963378906
AZAD,2899.89990234375
AZADIND,96.8000030517578
BAFNAPH,285.0
BAGFILMS,14.600000381469728
BAJAJ-AUTO,12666.400390625
BAJAJCON,670.25
BAJAJELEC,1441.4228515625
BAJAJFINSV,2176.60009765625
BAJAJHCARE,712.2000122070312
BAJAJHFL,181.5
BAJAJHIND,45.150001525878906
BAJAJINDEF,552.6500244140625
BAJAJST,359.5
BAJEL,320.95001220703125
BAJFINANCE,1158.800048828125
BALAJEE,99.22000122070312
BALAJITELE,190.0
BALAMINES,4974.7998046875
BALAXI,208.02999877929688
BALKRISHNA,83.27787780761719
BALKRISIND,3345.85009765625
BALMLAWRIE,311.04998779296875
BALPHARMA,152.5800018310547
BALRAMCHIN,767.0999755859375
BALUFORGE,854.3499755859375
BANARBEADS,157.0500030517578
BANARISUG,4321.7001953125
BANCOINDIA,875.0499877929688
BANDHANBNK,729.7000122070312
BANG,94.5
BANKA,161.9499969482422
BANKBARODA,324.45001220703125
BANKINDIA,207.8500061035156
BANSALWIRE,488.25
BANSWRAS,183.1499938964844
BASF,8555.7001953125
BASML,117.4796905517578
BATAINDIA,2229.60009765625
BATLIBOI,102.66999816894533
BAYERCROP,6956.5
BBL,5502.39990234375
BBOX,1078.199951171875
BBTC,2884.89990234375
BBTCL,328.45001220703125
BCG,117.65997314453124
BCLIND,83.1500015258789
BCONCEPTS,929.4000244140624
BCPL,89.5199966430664
BDL,2015.5
BEARDSELL,93.0710906982422
BECTORFOOD,423.1400146484375
BEDMUTHA,303.5
BEEKAY,444.0499877929688
BEL,468.4500122070313
BELLACASA,471.7000122070313
BELRISE,261.3500061035156
BEML,2601.14990234375
BENARAS,10336.0
BENGALASM,6256.0
BEPL,172.5
BERGEPAINT,720.7916870117188
BESTAGRO,113.96666717529295
BETA,2668.300048828125
BFINVEST,768.7999877929688
BFUTILITIE,1112.199951171875
BGRENERGY,467.4299926757813
BHAGCHEM,427.5
BHAGERIA,315.5
BHAGYANGR,431.8500061035156
BHANDARI,13.88895034790039
BHARATCOAL,42.54999923706055
BHARATFORG,2265.199951171875
BHARATGEAR,167.53334045410156
BHARATSE,254.6199951171875
BHARATWIRE,396.0
BHARTIARTL,2162.699951171875
BHARTIHEXA,1984.5999755859373
BHEL,435.9500122070313
BI,101.37999725341795
BIGBLOC,142.97999572753906
BIKAJI,978.7000122070312
BIL,954.0999755859376
BILVYAPAR,146.25
BIMETAL,714.8499755859375
BIOCON,483.6000061035156
BIOFILCHEM,339.1499938964844
BIRLACABLE,423.6499938964844
BIRLACORPN,1767.0999755859375
BIRLAMONEY,294.760009765625
BIRLANU,6587.14990234375
BIRLAPREC,47.369998931884766
BLACKBUCK,733.5
BLACKROSE,114.68000030517578
BLAL,343.54998779296875
BLBLIMITED,52.54999923706055
BLEL,504.25
BLIL,72.19000244140625
BLISSGVS,580.1500244140625
BLKASHYAP,116.88999938964844
BLS,505.5
BLSE,399.4500122070313
BLUECHIP,9.800000190734863
BLUECLOUDS,22.979999542236328
BLUECOAST,154.89999389648438
BLUEDART,9369.4501953125
BLUEJET,1010.2000122070312
BLUESTARCO,2337.550048828125
BLUESTONE,894.5
BLUSPRING,133.00999450683594
BMWVENTLTD,74.0999984741211
BNAGROCHEM,239.9499969482422
BNALTD,414.3999938964844
BODALCHEM,187.1499938964844
BOHRAIND,940.0
BOMDYEING,313.8500061035156
BONLON,55.70000076293945
BORANA,415.3999938964844
BOROLTD,500.5
BORORENEW,782.3499755859375
BOROSCI,223.7700042724609
BOSCH-HCIL,3219.25
BOSCHLTD,48895.0
BPCL,388.2999877929688
BPL,168.25
BPLPHARMA,1541.199951171875
BRAHMINFRA,176.77999877929688
BRIGADE,1073.362548828125
BRIGHOTEL,90.83000183105467
BRIGHTBR,263.8299865722656
BRITANNIA,6446.0498046875
BRNL,208.4499969482422
BROOKS,194.97000122070312
BSE,4403.2998046875
BSHSL,634.0
BSL,327.4800109863281
BSOFT,853.4000244140625
BTML,21.81999969482422
BTTL,57.0
BUILDPRO,1347.800048828125
BURNPUR,82.5
BUTTERFLY,1814.300048828125
BVCL,76.4000015258789
BYKE,213.9499969482422
CALSOFT,108.6500015258789
CAMLINFINE,327.5299987792969
CAMPUS,631.8499755859375
CAMS,1055.239990234375
CANBK,158.92999267578125
CANFINHOME,950.2000122070312
CANHLIFE,156.88999938964844
CANTABIL,329.8500061035156
CAPACITE,455.2000122070313
CAPILLARY,732.1500244140625
CAPITALSFB,455.5
CAPLIPOINT,2671.5
CARBORUNIV,1800.800048828125
CARERATING,1939.199951171875
CARRARO,662.0999755859375
CARTRADE,3268.0
CARYSIL,1251.699951171875
CASTROLIND,274.8500061035156
CCAVENUE,49.85882568359375
CCCL,28.68000030517578
CCHHL,29.51000022888184
CCL,1229.699951171875
CDSL,1964.050048828125
CEATLTD,4302.7001953125
CEIGALL,404.25
CEINSYS,1229.199951171875
CELEBRITY,25.450000762939453
CELLO,990.2999877929688
CEMPRO,1639.5999755859375
CENTENKA,821.4000244140625
CENTEXT,33.95000076293945
CENTRALBK,120.9000015258789
CENTRUM,62.95000076293945
CENTUM,3861.199951171875
CENTURYPLY,916.5
CERA,10420.4501953125
CESC,208.41000366210935
CEWATER,827.0999755859375
CFEL,32.689998626708984
CGCL,817.0999755859375
CGPOWER,976.5
CGVAK,158.5800018310547
CHALET,1064.5999755859375
CHAMBLFERT,726.6500244140625
CHEMBOND,696.75
CHEMBONDCH,284.3800048828125
CHEMCON,584.7999877929688
CHEMCRUX,87.0
CHEMFAB,1183.5
CHEMPLASTS,802.5
CHENNPETRO,1440.300048828125
CHEVIOT,1569.800048828125
CHOICEIN,850.2999877929688
CHOLAFIN,1940.0
CIFL,43.25
CINELINE,169.64999389648438
CINEVISTA,24.450000762939453
CIPLA,1680.5
CLCIND,995.0
CLEAN,2661.85009765625
CLEANMAX,1494.0
CLEDUCATE,128.17999267578125
CMLL,599.4500122070312
CMPDI,277.5
CMRGREEN,258.95001220703125
CMSINFO,605.2000122070312
CNL,1264.1500244140625
COALINDIA,540.4000244140625
COASTCORP,97.29938507080078
COCHINSHIP,2863.60009765625
COCKERILL,10290.5
COFFEEDAY,359.54998779296875
COFORGE,2014.5999755859373
COHANCE,1334.199951171875
COLPAL,3838.10009765625
COMFINTE,6.570000171661377
COMPEAU,360.0
COMPUSOFT,43.59999847412109
COMSYN,289.7699890136719
CONCOR,1174.25
CONCORDBIO,2601.10009765625
CONFIPET,114.5999984741211
CONSOFINVT,332.0
CONTROLPR,1057.9000244140625
CORALFINAC,99.6500015258789
CORDELIA,109.5
CORDSCABLE,269.760009765625
COROMANDEL,2691.39990234375
CORONA,2165.800048828125
COSMOFIRST,1377.6666259765625
COUNCODOS,11.920000076293944
CPEDU,331.0
CPL,72.87999725341797
CPPLUS,3899.10009765625
CRAMC,350.6000061035156
CRAVATEX,359.0
CREATIVEYE,11.34000015258789
CREDITACC,1763.5
CREST,588.4500122070312
CRISIL,6653.10009765625
CRIZAC,374.25
CROMPTON,492.2000122070313
CROWN,310.0599975585937
CRSL,3.390000104904175
CSLFINANCE,522.0499877929688
CSM,107.3499984741211
CTE,144.42999267578125
CUB,238.13999938964844
CUBEXTUB,134.02999877929688
CUMMINSIND,6027.5
CUPID,294.8599853515625
CURAA,337.0
CYBERMEDIA,46.400001525878906
CYIENT,2388.10009765625
CYIENTDLM,869.7999877929688
DABUR,667.5499877929688
DAICHI,343.25
DALBHARAT,2476.199951171875
DALMIASUG,571.0
DAMCAPITAL,415.1000061035156
DAMODARIND,75.9749984741211
DANGEE,29.93666648864746
DATAMATICS,1083.800048828125
DATAPATTNS,4866.2001953125
DAVANGERE,10.960000038146973
DBCORP,412.0
DBEIL,20.43000030517578
DBL,1204.300048828125
DBREALTY,282.70001220703125
DBSTOCKBRO,67.25
DCAL,390.0499877929688
DCBBANK,240.75
DCI,456.8999938964844
DCM,139.8300018310547
DCMFINSERV,12.039999961853027
DCMNVL,386.1000061035156
DCMSHRIRAM,1442.0999755859375
DCMSIL,100.4000015258789
DCMSRIND,236.63999938964844
DCW,110.27999877929688
DCXINDIA,444.1000061035156
DDEVPLSTIK,350.70001220703125
DECCANCE,1139.800048828125
DECNGOLD,247.6100006103516
DEEDEV,738.75
DEEP,38.0099983215332
DEEPAKFERT,1743.5
DEEPAKNTR,3102.60009765625
DEEPINDS,717.9500122070312
DELHIVERY,699.2000122070312
DELPHIFX,95.887939453125
DELTACORP,387.7000122070313
DELTAMAGNT,134.8000030517578
DEN,139.4499969482422
DENORA,2256.14990234375
DENTA,467.6499938964844
DEVIT,74.3239974975586
DEVX,64.05000305175781
DEVYANI,224.6999969482422
DGCONTENT,67.0199966430664
DHABRIYA,587.0
DHAMPURSUG,569.7000122070312
DHANBANK,56.400001525878906
DHANUKA,1910.199951171875
DHARMAJ,374.9500122070313
DHATRE,4.599999904632568
DHOOTTRANS,1575.550048828125
DHRUV,160.32000732421875
DHUNINV,2588.39990234375
DIAMINESQ,670.2000122070312
DIAMONDYD,1419.0
DICIND,821.0999755859375
DIFFNKG,489.6900024414063
DIGIDRIVE,98.4000015258789
DIGISPICE,109.25
DIGITIDE,267.989990234375
DIGJAMLMTD,663.6636352539062
DISAQ,12560.0
DISHTV,109.75
DIVGIITTS,1301.050048828125
DIVISLAB,9239.0
DIXON,18940.150390625
DJML,208.3600006103516
DLF,948.25
DLINKINDIA,701.25
DMART,5391.4501953125
DMCC,455.0499877929688
DNAMEDIA,13.899999618530272
DODLA,1462.5999755859375
DOLATALGO,182.32000732421875
DOLLAR,657.25
DOLPHIN,1185.5999755859375
DOMS,3069.0
DONEAR,177.02999877929688
DPABHUSHAN,1854.9000244140625
DPSCLTD,45.650001525878906
DPWIRES,639.5499877929688
DRCSYSTEMS,34.5
DREDGECORP,1438.4000244140625
DRREDDY,1412.489990234375
DSFCL,47.5
DSKULKARNI,80.19999694824219
DSSL,1895.0999755859373
DTIL,375.8666687011719
DUCON,79.63636016845703
DVL,537.0999755859375
DWARKESH,142.9499969482422
DYCL,530.125
DYNAMATECH,12530.0
DYNPRO,724.6737670898438
E2E,686.1500244140625
EASEMYTRIP,34.20000076293945
EASTSILK,94.52999877929688
EASTWEST,2.5
EBGNG,674.8499755859375
EBIX,21.75
ECLERX,2473.5
ECORECO,467.75
ECOSMOBLTY,589.8499755859375
EDELWEISS,183.34371948242188
EFCIL,344.8500061035156
EICHERMOT,8190.0
EIDPARRY,1236.199951171875
EIEL,380.5899963378906
EIFFL,356.5400085449219
EIHAHOTELS,494.3500061035156
EIMCOELECO,3372.75
EKC,277.95001220703125
EKI,79.81999969482422
ELANTAS,12376.5
ELCIDIN,133779.5
ELDEHSG,1133.699951171875
ELECON,731.25
ELECTCAST,230.91000366210935
ELECTHERM,1434.550048828125
ELGIEQUIP,769.2000122070312
ELGIRUBCO,146.83999633789062
ELLEN,613.2999877929688
ELPROINTL,180.05999755859375
EMAMILTD,839.75
EMAMIREAL,376.2000122070313
EMBDL,266.1499938964844
EMCURE,2009.5999755859373
EMIL,242.75
EMKAY,379.5499877929688
EMMBI,247.8999938964844
EMMVEE,365.3500061035156
EMPIND,1221.800048828125
EMPOWER,2.4600000381469727
EMSLIMITED,971.0499877929688
EMUDHRA,990.4500122070312
ENDURANCE,3041.199951171875
ENERGYDEV,237.1499938964844
ENGINERSIN,290.25
ENIL,969.2999877929688
ENKEIWHEL,416.3999938964844
ENRIN,3872.10009765625
ENTERO,1753.5
EPACK,642.3499755859375
EPACKPEB,330.04998779296875
EPIGRAL,2344.35009765625
EPL,299.54998779296875
EQUIPPP,172.5500030517578
EQUITASBNK,114.5500030517578
ERIS,1847.699951171875
ESABINDIA,7150.5
ESAFSFB,78.6500015258789
ESCORTS,4374.7001953125
ESSARSHPNG,71.54000091552734
ESSENTIA,7.565252780914307
ESTER,182.1499938964844
ETERNAL,354.3500061035156
ETHOSLTD,3442.300048828125
EUREKAFORB,652.7999877929688
EUROBOND,243.5200042724609
EUROPRATIK,381.7999877929688
EUROTEXIND,46.150001525878906
EVEREADY,481.7000122070313
EVERESTIND,1400.25
EXCELINDUS,1857.3499755859373
EXCELSOFT,125.97000122070312
EXIDEIND,579.6500244140625
EXPLEOSOL,1817.050048828125
EXXARO,16.264999389648438
FABTECH,255.41000366210935
FACT,1134.449951171875
FAIRCHEMOR,2282.949951171875
FAZE3Q,734.7999877929688
FCL,50.58000183105469
FCSSOFT,8.300000190734863
FDC,612.6500244140625
FEDDERSHOL,43.11000061035156
FEDERALBNK,371.7000122070313
FEDFINA,176.38999938964844
FERMENTA,509.8999938964844
FIBERWEB,64.26000213623047
FIEMIND,2645.89990234375
FILATEX,86.75
FILATFASH,2.789999961853028
FINCABLES,1666.5
FINEORG,7196.0
FINKURVE,123.7300033569336
FINOPB,543.9000244140625
FINPIPE,350.29998779296875
FIRSTCRY,722.7999877929688
FISCHER,117.70999908447266
FIVESTAR,900.4000244140625
FLAIR,450.8999938964844
FLEXITUFF,214.3999938964844
FLUOROCHEM,4812.64990234375
FMGOETZE,662.9500122070312
FMNL,190.25
FOCUS,214.4499969482422
FOODSIN,217.25
FORCEMOT,25776.0
FORTIS,1097.9000244140625
FOSECOIND,6499.5
FRACTAL,1101.550048828125
FREDUN,1494.300048828125
FSL,406.75
FUSION,670.9000244140625
GABRIEL,1587.699951171875
GAIL,240.97000122070312
GAJA,168.6699981689453
GALAPREC,1379.6500244140625
GALAXYSURF,3515.35009765625
GALLANTT,927.0999755859376
GANDHAR,309.70001220703125
GANDHITUBE,1003.7999877929688
GANECOS,2399.050048828125
GANESHBE,211.4499969482422
GANESHCP,305.54998779296875
GANESHHOU,1480.050048828125
GANGAFORGE,22.700000762939453
GARFIBRES,974.72998046875
GARUDA,242.3699951171875
GATECH,41.95000076293945
GATECHDVR,19.700000762939453
GATEWAY,119.8499984741211
GAUDIUMIVF,158.16000366210938
GAYAHWS,10.399999618530272
GAYAPROJ,223.3999938964844
GCSL,540.5499877929688
GEECEE,451.8999938964844
GEEKAYWIRE,68.8499984741211
GEMAROMA,319.04998779296875
GENCON,68.4000015258789
GENESYS,1029.699951171875
GENUSPAPER,28.899999618530277
GENUSPOWER,465.7999877929688
GEOJITFSL,170.5800018310547
GESHIP,1719.5999755859375
GFLLIMITED,128.4072265625
GHCL,758.5
GHCLTEXTIL,127.94000244140624
GICHSGFIN,643.0
GICL,165.64999389648438
GICRE,501.0
GILLANDERS,151.75
GILLETTE,11258.0
GINNIFILA,63.59999847412109
GIPCL,263.8399963378906
GKB,88.4000015258789
GKENERGY,233.22999572753903
GKSL,157.25
GKWLIMITED,3939.550048828125
GLAND,4316.25
GLAXO,3466.199951171875
GLENMARK,2515.0
GLFL,11.699999809265137
GLOBAL,132.67999267578125
GLOBALE,73.54000091552734
GLOBALVECT,345.5
GLOBE,15.154254913330078
GLOBECIVIL,94.45999908447266
GLOBUSSPR,1719.5
GLOSTERLTD,917.8499755859376
GLOTTIS,83.70999908447266
GMBREW,1264.199951171875
GMDCLTD,746.75
GMRAIRPORT,114.9800033569336
GMRP&UI,162.5500030517578
GNA,592.0
GNFC,902.8499755859376
GNRL,105.4000015258789
GOACARBON,1184.699951171875
GOCLCORP,682.0999755859375
GOCOLORS,1410.0
GODAVARIB,393.25
GODFRYPHLP,3713.0
GODIGIT,398.3999938964844
GODREJAGRO,865.5
GODREJCP,1516.699951171875
GODREJIND,1417.699951171875
GODREJPROP,3381.39990234375
GOKEX,1249.9000244140625
GOKUL,68.20999908447266
GOKULAGRO,252.8500061035156
GOLDIAM,406.9125061035156
GOLDTECH,170.3000030517578
GOODLUCK,543.1333618164062
GOODYEAR,1437.5
GOPAL,512.9000244140625
GOYALALUM,45.20000076293945
GPIL,756.8499755859375
GPPL,237.92999267578125
GPTHEALTH,200.6999969482422
GPTINFRA,200.1000061035156
GRADIENTE,8.930000305175781
GRANDOAK,39.54999923706055
GRANULES,903.25
GRAPHITE,1106.949951171875
GRASIM,3380.5
GRAUWEIL,138.85000610351562
GRAVISSHO,30.920000076293945
GRAVITA,2664.64990234375
GREAVESCOT,296.489990234375
GREENLAM,313.32501220703125
GREENPANEL,605.9000244140625
GREENPLY,404.5
GREENPOWER,32.849998474121094
GRINDWELL,2950.949951171875
GRINFRA,2158.5
GRMOVER,171.1199951171875
GROBTEA,2502.5
GROWW,221.55999755859372
GRPLTD,4732.0
GRSE,3492.699951171875
GRWRHITECH,7409.5
GSFC,310.0
GSLSU,316.8500061035156
GSPCROP,643.1500244140625
GSS,328.04998779296875
GTECJAINX,134.60000610351562
GTL,30.149999618530277
GTLINFRA,7.75
GTPL,307.0
GUFICBIO,485.4500122070313
GUJALKALI,1028.75
GUJAPOLLO,525.5499877929688
GUJENERGY,772.0999755859375
GUJRAFFIA,105.87999725341795
GUJTHEM,469.8999938964844
GULFOILLUB,1478.25
GULFPETRO,101.25
GULPOLY,351.2083435058594
GVKPIL,26.799999237060547
GVPIL,1055.199951171875
GVPTECH,398.8999938964844
GVT&D,5533.5
GYFTR,169.2100067138672
HAL,5621.9501953125
HALDER,304.5599975585937
HALDYNGL,134.25999450683594
HALEOSLABS,1749.6500244140625
HAMPTON,8.470000267028809
HAPPSTMNDS,1526.0999755859375
HAPPYFORGE,2328.199951171875
HARDWYN,28.08673477172852
HARIOMPIPE,868.7000122070312
HARRMALAYA,332.1000061035156
HARSHA,599.4500122070312
HATHWAY,54.20000076293945
HATSUN,1452.08251953125
HAVELLS,2082.39990234375
HAVISHA,4.400000095367432
HAWKINCOOK,9253.5
HAZOOR,21.1200008392334
HBESD,76.30999755859375
HBLENGINE,1098.800048828125
HBPOR,62.0
HBSL,187.5
HCC,55.75
HCG,776.2999877929688
HCL-INSYS,67.80000305175781
HCLTECH,1995.0999755859373
HDBFS,864.0
HDFCAMC,2946.0
HDFCBANK,1012.9000244140624
HDFCLIFE,814.2999877929688
HEADSUP,242.1499938964844
HEALTHX,562.0
HECPROJECT,183.05999755859372
HEG,949.2999877929688
HEIDELBERG,275.6499938964844
HEMIPROP,251.6499938964844
HERANBA,844.9500122070312
HERITGFOOD,695.0499877929688
HEROMOTOCO,6350.5
HESTERBIO,3212.699951171875
HEXAGON,76.16000366210938
HEXATRADEX,371.6000061035156
HEXT,890.9500122070312
HFCL,251.47000122070312
HGINFRA,1823.449951171875
HGM,385.1499938964844
HGS,1817.300048828125
HIKAL,710.3499755859375
HILINFRA,126.77999877929688
HILTON,172.39999389648438
HIMATSEIDE,418.3999938964844
HINDADH,385.4500122070313
HINDALCO,1149.699951171875
HINDALUMI,100.16000366210938
HINDCOMPOS,784.6666870117188
HINDCON,63.95000076293945
HINDCOPPER,760.0499877929688
HINDOILEXP,285.79998779296875
HINDPETRO,499.0499877929688
HINDUNILVR,3028.550048828125
HINDWAREAP,650.7000122070312
HINDZINC,772.2999877929688
HIRECT,1339.4000244140625
HISARMETAL,225.3999938964844
HITECH,205.6100006103516
HITECHCORP,337.0
HITECHGEAR,1221.5999755859375
HLEGLAS,1462.0699462890625
HLVLTD,39.400001525878906
HMAAGRO,84.0
HMVL,304.54998779296875
HNDFDS,720.9500122070312
HONASA,541.75
HONAUT,58628.1015625
HONDAPOWER,4346.85009765625
HORIZONIND,58.15999984741211
HPAL,126.4000015258789
HPIL,197.5500030517578
HPL,672.5499877929688
HRYNSHP,102.48999786376952
HTMEDIA,105.168212890625
HUBTOWN,363.6499938964844
HUDCO,342.20001220703125
HUHTAMAKI,440.25
HYUNDAI,2809.300048828125
IBULLSLTD,560.4663696289062
ICEMAKE,1045.949951171875
ICICIAMC,3538.5
ICICIBANK,1488.5999755859375
ICICIGI,2275.199951171875
ICICIPRULI,791.0499877929688
ICIL,446.8999938964844
ICRA,7269.2001953125
IDBI,116.01000213623048
IDEAFORGE,1294.949951171875
IDFCFIRSTB,99.1999969482422
IEX,295.25
IFBAGRO,1753.199951171875
IFBIND,2329.800048828125
IFCI,90.06999969482422
IFGLEXPOR,454.6000061035156
IGCL,117.61000061035156
IGIL,620.4000244140625
IGL,295.7250061035156
IGPL,975.8499755859376
IIFL,696.4000244140625
IIFLCAPS,444.5499877929688
IITL,427.0499877929688
IKIO,462.7999877929688
IKS,2145.699951171875
IMFA,1653.9000244140625
IMPAL,1445.3499755859375
INA,156.42999267578125
INCREDIBLE,143.60000610351562
INDBANK,59.09999847412109
INDGN,732.7000122070312
INDHOTEL,889.6500244140625
INDIACEM,478.5499877929688
INDIAGLYCO,1203.300048828125
INDIAMART,4979.75
INDIANB,991.5499877929688
INDIANCARD,413.1000061035156
INDIANHUME,582.7999877929688
INDIGO,6155.5
INDIGOPNTS,3117.14990234375
INDIQUBE,237.9199981689453
INDNIPPON,1241.5999755859375
INDOAMIN,242.7400054931641
INDOBORAX,511.8500061035156
INDOFARM,277.79998779296875
INDOKEM,627.8499755859375
INDOMIM,967.9500122070312
INDORAMA,83.9000015258789
INDOSTAR,603.5999755859375
INDOTECH,3902.5
INDOTHAI,460.3999938964844
INDOUS,376.1000061035156
INDOWIND,39.400665283203125
INDPRUD,6289.5
INDRAMEDCO,622.7999877929688
INDSWFTLAB,367.4800109863281
INDTERRAIN,236.5500030517578
INDUSINDBK,2023.050048828125
INDUSTOWER,479.2000122070313
INFOBEAN,251.2250061035156
INFOMEDIA,9.539999961853027
INFY,1999.699951171875
INGERRAND,4898.5498046875
INNOVACAP,1240.0
INNOVANA,763.75
INNOVISION,376.7000122070313
INOXGREEN,272.20001220703125
INOXINDIA,2177.89990234375
INOXWIND,254.33999633789065
INSECTICID,1072.3499755859375
INSPIRISYS,185.72999572753903
INTENTECH,175.3800048828125
INTLCONV,119.9000015258789
INVENTURE,6.449999809265137
INVPRECQ,1341.5
IOB,79.6500015258789
IOC,192.3999938964844
IOLCP,193.07000732421875
IONEXCHANG,732.1500244140625
IPCALAB,1959.800048828125
IPRINGLTD,148.38999938964844
IRB,38.42499923706055
IRCON,336.79998779296875
IRCTC,1175.5400390625
IREDA,289.6499938964844
IRFC,217.42999267578125
IRIS,575.0
IRISDOREME,96.01412963867188
IRMENERGY,604.4500122070312
ISFT,828.6500244140625
ISGEC,1610.3499755859375
ISHANCH,81.97000122070312
ISTLTD,674.7999877929688
ITCHOTELS,254.75
ITDC,900.1500244140625
ITI,544.3499755859375
ITL,367.2000122070313
IVALUE,326.79998779296875
IVC,33.849998474121094
IVP,277.6000061035156
IWP,35.22999954223633
IXIGO,335.54998779296875
IZMO,1348.699951171875
JAGRAN,210.3500061035156
JAGSNPHARM,304.4800109863281
JAIBALAJI,256.510009765625
JAICORPLTD,413.8999938964844
JAIPURKURT,114.25
JAMNAAUTO,148.25
JARO,787.2000122070312
JASH,682.9500122070312
JAYAGROGN,534.2000122070312
JAYBARMARU,199.17999267578125
JAYKAY,213.94000244140625
JAYNECOIND,115.23999786376952
JAYSREETEA,158.4499969482422
JBMA,1190.875
JENBURPH,1054.4000244140625
JETFREIGHT,38.79429626464844
JHS,80.69999694824219
JINDALPHOT,1555.5
JINDALPOLY,1317.550048828125
JINDALSAW,373.875
JINDALSTEL,1288.800048828125
JINDRILL,971.0
JINDWORLD,92.0999984741211
JIOFIN,387.9500122070313
JISLJALEQS,147.35000610351562
JITFINFRA,1197.0
JKCEMENT,7539.0
JKIL,903.2999877929688
JKIPL,122.66999816894533
JKLAKSHMI,1008.3499755859376
JKPAPER,633.75
JLHL,339.7099914550781
JMA,134.14999389648438
JMFINANCIL,193.0200042724609
JNKINDIA,882.6500244140625
JOCIL,307.1000061035156
JPPOWER,27.229999542236328
JSFB,736.2000122070312
JSL,865.6500244140625
JSLL,2360.60009765625
JSWCEMENT,159.1699981689453
JSWDULUX,4518.5
JSWENERGY,792.0499877929688
JSWHL,26420.0
JSWINFRA,356.6499938964844
JSWSTEEL,1341.0
JTEKTINDIA,221.75
JTLIND,135.125
JUBLCPL,2955.0
JUBLFOOD,905.1400146484376
JUBLINGREA,859.2000122070312
JUBLPHARMA,1262.5999755859375
JUNIPER,522.3499755859375
JWL,730.0
JYOTHYLAB,579.2000122070312
JYOTICNC,1435.9000244140625
JYOTIRES,903.6500244140624
JYOTISTRUC,40.0099983215332
KABRAEXTRU,635.75
KAJARIACER,1548.050048828125
KAKATCEM,435.6499938964844
KALAMANDIR,302.54998779296875
KALPATARU,432.9500122070313
KALYANI,138.08999633789062
KALYANIFRG,847.7000122070312
KALYANKJIL,787.9000244140625
KAMAHOLD,2448.5
KAMATHOTEL,350.04998779296875
KAMDHENU,64.48500061035156
KANANIIND,20.625
KANCHI,420.0
KANCOTEA,56.45000076293945
KANORICHEM,213.3000030517578
KANPRPLA,277.19000244140625
KANSAINER,446.0333251953125
KAPSTON,588.4000244140625
KARMAENG,105.0999984741211
KARURVYSYA,354.3500061035156
KAUSHALYA,1745.0
KAVDEFENCE,155.1199951171875
KAYA,1243.3499755859375
KAYNES,7597.5498046875
KCPSUGIND,59.970001220703125
KDDL,4093.5
KEC,1240.4000244140625
KECL,246.3300018310547
KEEPLEARN,8.443025588989258
KELLTONTEC,36.422000885009766
KENNAMET,4580.2998046875
KERNEX,2549.199951171875
KESORAMIND,232.1000061035156
KEYFINSERV,451.5
KFINTECH,1592.199951171875
KHADIM,842.5
KHAICHEM,151.0
KHAITANLTD,158.5399932861328
KHANDSE,43.5
KICL,8203.2001953125
KILITCH,241.7250061035156
KIMS,850.6500244140625
KINGFA,6087.5
KIOCL,627.5999755859375
KIRANVYPAR,202.5200042724609
KIRIINDUS,726.5499877929688
KIRLFER,529.5499877929688
KIRLOSBROS,2603.14990234375
KIRLOSENG,2563.60009765625
KIRLOSIND,6387.5
KISSHT,345.95001220703125
KITEX,308.9800109863281
KJMCFIN,79.69999694824219
KKCL,798.9000244140625
KLBRENG-B,421.0
KMCSHIL,141.97000122070312
KMEW,2969.0
KMSUGAR,48.2599983215332
KNACK,215.32000732421875
KNAGRI,305.1499938964844
KNRCON,409.6000061035156
KOHINOOR,122.9000015258789
KOKUYOCMLN,220.9499969482422
KOLTEPATIL,566.9500122070312
KOTAKBANK,453.760009765625
KOTARISUG,68.25
KOTHARIPET,257.9700012207031
KOTHARIPRO,117.9250030517578
KOTIC,155.5500030517578
KOTYARK,140.26364135742188
KPIGREEN,732.5333251953125
KPIL,1439.699951171875
KPITTECH,1868.699951171875
KPL,3630.300048828125
KPRMILL,1306.25
KRBL,664.0999755859375
KREBSBIO,213.0500030517578
KRIDHANINF,139.0500030517578
KRISHANA,205.16000366210935
KRISHIVAL,502.7999877929688
KRISHNADEF,1370.199951171875
KRITI,259.2099914550781
KRITIKA,24.5
KRITINUT,158.77999877929688
KRN,1609.699951171875
KROSS,259.8099975585937
KRSNAA,1020.1500244140624
KRYSTAL,1016.2999877929688
KSB,1007.3400268554688
KSCL,1568.800048828125
KSE,665.4000244140625
KSHINTL,1028.5999755859375
KSHITIJ-RE,0.0299999993294477
KSHITIJPOL,70.80000305175781
KSL,1249.0999755859375
KSR,37.88999938964844
KTKBANK,337.70001220703125
KUANTUM,221.3999938964844
KUSUMGAR,650.5
KWIL,48.630001068115234
LADDERUP,53.470001220703125
LAGNAM,170.2899932861328
LAHOTIOV,42.720001220703125
LAKSHMIMIL,8344.5
LALITHAA,265.239990234375
LALPATHLAB,2104.300048828125
LAMBODHARA,229.6100006103516
LANCER,252.6499938964844
LANCORHOL,54.70000076293945
LANDMARK,863.5
LANDSMILL,2.895555019378662
LAOPALA,474.5499877929688
LASA,208.8500061035156
LASERPOWER,337.54998779296875
LATTEYS,49.650001525878906
LAURUSLABS,1938.5
LAXMICOT,41.47999954223633
LAXMIDENTL,550.5499877929688
LAXMIINDIA,175.8699951171875
LCCINFOTEC,11.489999771118164
LCL,598.2000122070312
LEENEE,10.5
LEMERITE,103.25
LEMONTREE,177.92999267578125
LENSKART,661.4000244140625
LEXUS,130.10000610351562
LFIC,361.3500061035156
LGBBROSLTD,2007.800048828125
LGEINDIA,1729.699951171875
LGHL,393.9583435058594
LIBAS,59.921085357666016
LIBERTSHOE,569.4500122070312
LICHSGFIN,816.3499755859375
LICI,594.0499877929688
LIKHITHA,480.1499938964844
LINC,215.1499938964844
LINCOLN,953.7000122070312
LINDEINDIA,9691.25
LKPSEC,17.200000762939453
LLOYDSENGG,96.87999725341795
LLOYDSENT,92.86000061035156
LLOYDSME,2101.199951171875
LMW,20047.0
LODHA,1594.800048828125
LOKESHMACH,471.3999938964844
LORDSCHLO,228.57000732421875
LOTUSCHO,625.4500122070312
LOTUSDEV,209.7700042724609
LOTUSEYE,141.3800048828125
LOVABLE,300.20001220703125
LOYALTEX,1011.75
LPDC,17.049999237060547
LT,4418.10009765625
LTF,335.6000061035156
LTFOODS,509.0499877929688
LTM,7561.75
LUMAXIND,6703.0
LUMAXTECH,2076.300048828125
LUPIN,2514.800048828125
LUXIND,4546.10009765625
LXCHEM,598.0999755859375
LYKALABS,254.3000030517578
M&M,3802.39990234375
M&MFIN,412.2999877929688
MAANALU,250.6699981689453
MACPOWER,2007.0999755859373
MADHAV,86.94999694824219
MADHAVIPL,8.119999885559082
MADHUCON,62.54999923706055
MADRASFERT,130.0800018310547
MAFATIND,150.02999877929688
MAGADSUGAR,957.4500122070312
MAGNUM,73.7576904296875
MAHABANK,93.8499984741211
MAHASTEEL,1270.699951171875
MAHEPC,190.1000061035156
MAHLIFE,670.5999755859375
MAHLOG,799.5999755859375
MAHSCOOTER,18018.0
MAHSEAMLES,1064.800048828125
MAITHANALL,1551.699951171875
MAJESAUT,495.4500122070313
MALLCOM,1703.550048828125
MALUPAPER,66.8499984741211
MAMATA,630.0
MANAKALUCO,64.87999725341797
MANAKCOAT,180.30999755859372
MANAKSIA,186.5500030517578
MANAKSTEEL,101.75
MANALIPETC,142.39999389648438
MANBA,189.97999572753903
MANBRO,60.5099983215332
MANCREDIT,257.3599853515625
MANGALAM,217.8999938964844
MANGLMCEM,1058.199951171875
MANINDS,768.2000122070312
MANINFRA,255.25999450683597
MANIPALHOS,797.9500122070312
MANOMAY,303.79998779296875
MANORAMA,1958.699951171875
MANORG,1242.5999755859375
MANYAVAR,1469.0999755859375
MAPMYINDIA,2531.5
MARICO,885.3499755859375
MARINE,406.7999877929688
MARKOLINES,188.47000122070312
MARKSANS,353.3999938964844
MASFIN,410.0666809082031
MASKINVEST,292.4599914550781
MASTERTR,187.1199951171875
MATRIMONY,1189.949951171875
MAWANASUG,173.0
MAXHEALTH,1301.4000244140625
MAXIND,329.6000061035156
MAYURUNIQ,883.7999877929688
MAZDOCK,3751.199951171875
MBAPL,169.52000427246094
MBEL,514.25
MBLINFRA,116.9499969482422
MCCHRLS-B,694.9500122070312
MCL,136.0
MCLEODRUSS,234.8999938964844
MCLOUD,97.31999969482422
MCX,3441.699951171875
MEDANTA,1508.9000244140625
MEDICAMEQ,1201.4000244140625
MEDICAPQ,26.989999771118164
MEESHO,235.57000732421875
MEGASTAR,393.25
MEIL,556.1500244140625
MENNPIS,74.58999633789062
MENONBE,283.3500061035156
MERCANTILE,24.770000457763672
MERCURYEV,39.709999084472656
METROBRAND,1383.449951171875
METROGLOBL,154.74000549316406
METROPOLIS,868.6749877929688
MFML,112.0999984741211
MFSL,1870.0
MGEL,24.085426330566406
MGL,1964.949951171875
MHLXMIRU,347.0
MHRIL,484.3999938964844
MIDHANI,531.1500244140625
MIDWESTLTD,1803.5999755859373
MIIL,726.4500122070312
MILKYMIST,222.1100006103516
MINALIND,4.0
MINDACORP,745.25
MINDTECK,357.1600036621094
MIRZAINT,370.5
MITCON,156.7803955078125
MITTAL,12.92847728729248
MKEXIM,64.30000305175781
MKPL,30.649999618530277
MLKFOOD,91.87999725341795
MMP,412.3500061035156
MMTC,120.91000366210938
MOBIKWIK,638.6500244140625
MODINATUR,484.75
MODIRUBBER,205.8000030517578
MODIS,415.6000061035156
MODTHREAD,73.9000015258789
MOHITE,2.950000047683716
MOHITIND,64.6500015258789
MOIL,556.6500244140625
MOL,142.0500030517578
MOLBIO,1238.8499755859375
MOLDTKPAC,1092.8499755859375
MONARCH,478.9500122070313
MONEYBOXX,85.88500213623047
MONTECARLO,952.2000122070312
MOREPENLAB,106.19000244140624
MOSCHIP,283.7799987792969
MOTHERSON,170.39999389648438
MOTILALOFS,1576.1500244140625
MOTISONS,32.25
MOTOGENFIN,49.84999847412109
MPDL,41.59000015258789
MPHASIS,3546.449951171875
MPSLTD,2931.199951171875
MRF,162295.0
MRPL,286.1000061035156
MSL,153.07000732421875
MSPL,63.18999862670898
MSTCLTD,1107.449951171875
MSUMI,52.5
MTARTECH,8374.5
MTEDUCARE,149.6999969482422
MTNL,97.08000183105467
MUFIN,269.29998779296875
MUFTI,312.20001220703125
MUKANDLTD,205.8999938964844
MUKESHB,145.9499969482422
MUKKA,54.220001220703125
MUKTAARTS,127.6500015258789
MUNJALAU,143.44000244140625
MUNJALSHOW,304.79998779296875
MURUDCERA,68.91000366210938
MUTHOOTCAP,1256.3499755859375
MUTHOOTFIN,4091.699951171875
MVELECTRO,719.5499877929688
MVGJL,374.1499938964844
MWL,43.040000915527344
MYSORPETRO,166.11000061035156
NACLIND,323.29998779296875
NAGREEKCAP,75.80000305175781
NAGREEKEXP,57.66999816894531
NAHARINDUS,224.8000030517578
NAHARPOLY,590.4000244140625
NAHARSPING,676.7999877929688
NAM-INDIA,1251.0
NATCAPSUQ,276.92999267578125
NATCOPHARM,1592.8499755859375
NATHBIOGEN,564.7000122070312
NATIONALUM,441.5
NATIONSTD,134.0
NAUKRI,1805.0999755859373
NAVA,730.4000244140625
NAVINFLUOR,8650.0
NAVKARCORP,236.8999938964844
NAVKARURB,4.171999931335449
NAVNETEDUL,190.0500030517578
NAZARA,400.28125
NBCC,130.47332763671875
NBIFIN,3996.14990234375
NCC,357.95001220703125
NCLIND,298.3999938964844
NDGL,6130.2001953125
NDL,7.210000038146973
NDLVENTURE,157.9499969482422
NDTV,545.75
NECCLTD,98.7695083618164
NELCAST,177.0500030517578
NELCO,1463.9000244140625
NEOGEN,2356.25
NEPHROPLUS,751.2999877929688
NESCO,1578.0999755859375
NETWEB,5601.0
NEUEON,26.100000381469727
NEULANDLAB,23661.0
NEXTMEDIA,27.299999237060547
NFL,159.92999267578125
NGIL,314.30621337890625
NGLFINE,3457.800048828125
NH,2263.199951171875
NHPC,115.80999755859376
NIBE,1912.0999755859373
NIBL,48.59999847412109
NICCOPAR,90.2300033569336
NIITLTD,654.1500244140625
NIITMTS,568.0999755859375
NILAINFRA,22.950273513793945
NILASPACES,19.229999542236328
NILKAMAL,2966.25
NIMBSPROJ,225.6199951171875
NINSYS,914.1500244140624
NIPPOBATRY,829.8499755859375
NIRAJ,72.26000213623047
NIRAJISPAT,600.5
NIRLON,647.9500122070312
NITCO,160.9499969482422
NITIRAJ,401.5499877929688
NITTAGELA,2031.4000244140625
NIVABUPA,100.0
NKIND,98.4000015258789
NLCINDIA,370.8999938964844
NMDC,96.04000091552734
NOCIL,330.54998779296875
NOIDATOLL,24.0
NORBTEAEXP,99.3499984741211
NORTHARC,325.29998779296875
NOVAAGRI,90.37000274658205
NOVARTIND,1701.9000244140625
NPST,3512.60009765625
NRBBEARING,486.1000061035156
NRL,138.72000122070312
NSLNISP,70.9000015258789
NTCIND,142.1699981689453
NTPC,443.2000122070313
NTPCGREEN,148.61000061035156
NUVOCO,567.4000244140625
NYKAA,415.51666259765625
OBCL,161.9499969482422
OBEROIRLTY,2322.64990234375
OCCLLTD,180.3699951171875
ODIGMA,140.60000610351562
ODYCORP,7.489999771118164
OFSS,12945.4501953125
OIL,741.0
OILCOUNTUB,97.66999816894533
OLECTRA,2135.10009765625
OMAXAUTO,257.1499938964844
OMAXE,234.3500061035156
OMFREIGHT,111.76000213623048
OMINFRAL,227.8999938964844
OMNI,732.5999755859375
OMPOWER,203.0399932861328
ONEGLOBAL,564.0999755859375
ONELIFECAP,39.119998931884766
ONEPOINT,75.80000305175781
ONESOURCE,2197.800048828125
ONGC,341.75
ONIDA,62.5
ONIXSOLAR,356.6499938964844
ONMOBILE,182.5500030517578
ONWARDTEC,706.2999877929688
OPTIEMUS,851.2000122070312
OPTIFIN,13.890000343322754
ORBTEXP,278.45001220703125
ORCHPHARMA,2527.89990234375
ORICONENT,70.6500015258789
ORIENTALTL,21.799999237060547
ORIENTBELL,806.2000122070312
ORIENTCEM,360.1000061035156
ORIENTCER,70.19999694824219
ORIENTHOT,197.1499938964844
ORIENTLTD,394.25
ORIENTPPR,60.70000076293945
ORIENTTECH,601.8636474609375
ORIRAIL,132.99000549316406
ORISSAMINE,9362.5
ORKLAINDIA,713.6500244140625
ORTINGLOBE,46.54999923706055
OSWALAGRO,103.88999938964844
OSWALGREEN,66.30999755859375
OSWALPUMPS,873.7999877929688
OSWALSEEDS,66.5999984741211
PACEDIGITK,227.92999267578125
PACIFICI,150.97999572753906
PAISALO,94.5250015258789
PALASHSECU,188.6999969482422
PALREDTEC,334.95001220703125
PANACEABIO,607.75
PANACHE,548.5499877929688
PANAMAPET,545.5
PANCHMAHQ,300.0
PANORAMA,48.650001525878906
PANSARI,365.2999877929688
PAR,348.45001220703125
PARACABLES,114.5
PARADEEP,231.57000732421875
PARAGMILK,371.6000061035156
PARKHOSPS,299.29998779296875
PARSVNATH,32.650001525878906
PASHUPATI,101.4499969482422
PASUPTAC,74.33999633789062
PATANJALI,1006.6666870117188
PATELENG,81.04557037353516
PATELRMART,287.70001220703125
PAUSHAKLTD,787.4000244140625
PAVNAIND,72.25
PAYTM,1798.75
PBMPOLY,60.41999816894531
PCBL,577.5999755859375
PDMJEPAPER,227.92999267578125
PEARLPOLY,50.54999923706055
PENIND,275.95001220703125
PENINLAND,75.83000183105469
PERSISTENT,6674.2001953125
PFC,570.5999755859375
PFOCUS,349.5
PGEL,1023.7000122070312
PGHH,18427.55078125
PGHL,7430.60009765625
PHOENIXLTD,2154.0
PHOENXINTL,31.600000381469727
PIDILITIND,1701.5
PIGL,416.9500122070313
PILANIINVS,7536.0498046875
PILITA,20.0
PINELABS,250.88999938964844
PIONEEREMB,78.94999694824219
PIONRINV,80.72000122070312
PIRAMALFIN,2278.39990234375
PIXTRANS,2713.800048828125
PKTEA,956.4000244140624
PLASTIBLEN,375.7000122070313
PLAZACABLE,165.25
PML,504.8500061035156
PNBGILTS,145.07000732421875
PNBHOUSING,1397.73828125
PNC,78.55999755859375
PNGJL,808.3499755859375
PNGSREVA,620.75
POCL,617.9199829101562
PODDARMENT,469.6000061035156
POEL,165.64999389648438
POKARNA,1430.050048828125
POLICYBZR,2215.85009765625
POLYCAB,10083.0
POLYPLEX,2805.10009765625
POLYSPIN,31.93000030517578
PONNIERODE,586.25
POONAWALLA,542.5
POWERGRID,365.4500122070313
POWERICA,661.8499755859375
POWERINDIA,38445.0
POWERMECH,3506.35009765625
PPAP,708.5
PPL,648.5499877929688
PPLPHARMA,293.54998779296875
PRADPME,534.5499877929688
PRAJIND,844.5999755859375
PRAKASH,231.3999938964844
PRAXIS,124.68878173828124
PRECOT,855.4000244140625
PRECWIRE,507.3500061035156
PREMCO,393.0
PREMEXPLN,891.3499755859375
PREMIER,37.70000076293945
PREMIERENE,1373.5
PREMIERPOL,95.20999908447266
PRICOLLTD,806.5499877929688
PRIMESECU,344.75
PRIMO,30.440000534057617
PRINCEPIPE,859.2000122070312
PRISMX,0.5400000214576721
PRITI,285.79998779296875
PRITIKAUTO,52.0
PRIVISCL,3750.800048828125
PROSTARM,239.6100006103516
PRUDMOULI,75.83000183105469
PSB,75.1500015258789
PSPPROJECT,1099.0
PTC,244.0
PTL,84.9000015258789
PUNJABCHEM,1897.0999755859373
PURVA,549.7000122070312
PVP,62.119998931884766
PVRINOX,2192.949951171875
PYRAMID,242.3699951171875
QMSMEDI,231.3500061035156
QPOWER,1398.699951171875
QUESS,1270.699951171875
QUICKHEAL,811.7000122070312
QUINT,43.63999938964844
RACE,443.0499877929688
RACLGEAR,1631.800048828125
RADAAN,7.420000076293945
RADHIKAJWE,150.4600067138672
RADIANTCMS,110.25
RADICO,4732.89990234375
RADIOCITY,70.97599792480469
RAILTEL,596.9000244140625
RAJOOENG,143.3300018310547
RAJPALAYAM,848.8499755859375
RAJRILTD,88.0
RAJSREESUG,97.75
RALLIS,381.0499877929688
RAMANEWS,43.90999984741211
RAMAPHO,210.9900054931641
RAMASTEEL,16.520000457763672
RAMBHAJO,263.57000732421875
RAMCOCEM,1204.9000244140625
RAMCOIND,391.2999877929688
RAMKY,992.0999755859376
RANASUG,42.20000076293945
RANEHOLDIN,2743.35009765625
RAYMOND,3229.5
RAYMONDLSL,2869.0
RAYMONDREL,969.2000122070312
RBA,194.3999938964844
RECLTD,645.7999877929688
REDINGTON,366.0
REDTAPE,967.3499755859376
REGAAL,131.5800018310547
RELAXO,1436.199951171875
RELCHEMQ,319.8999938964844
RELIANCE,1600.9000244140625
RELIGARE,309.45001220703125
RELINFRA,618.5999755859375
RELTD,183.0800018310547
REMSONSIND,225.4600067138672
RENUKA,65.3499984741211
RETAIL,55.7400016784668
RGL,206.02999877929688
RHETAN,33.7599983215332
RHIM,877.2000122070312
RHL,305.3999938964844
RICOAUTO,155.80999755859375
RIIL,1517.25
RITES,401.125
RKDL,38.54999923706055
RKEC,174.1999969482422
RKSWAMY,310.8500061035156
RMC,521.2000122070312
RMDRIP,71.41749572753906
RML,1413.449951171875
RNBDENIMS,66.40333557128906
ROHLTD,560.9500122070312
ROLLT,19.700000762939453
ROSSARI,1571.5
ROTO,117.74166870117188
ROUTE,2306.949951171875
RPEL,1745.4000244140625
RPGLIFE,3017.10009765625
RPOWER,71.2699966430664
RPPINFRA,263.7849426269531
RPSGVENT,1240.9000244140625
RRECL,151.66000366210938
RRIL,17.940000534057617
RSDFIN,111.2300033569336
RSL,172.47000122070312
RSSOFTWARE,349.70001220703125
RSWM,352.82818603515625
RTNINDIA,90.3499984741211
RTNPOWER,20.100000381469727
RTSPOWR,98.5199966430664
RUBFILA,96.26000213623048
RUBICON,1841.0
RUBYMILLS,417.2000122070313
RUCHIRA,191.68182373046875
RUDRA,27.46999931335449
RUPA,571.7999877929688
RUSTOMJEE,770.25
RVHL,80.27999877929688
S&SPOWER,484.1000061035156
SAB,178.5
SADBHAV,429.5
SADBHIN,153.85000610351562
SADHNANIQ,118.3499984741211
SAFARI,2723.75
SAGARDEEP,96.66666412353516
SAGILITY,54.58000183105469
SAICAPI,153.0
SAIL,206.05999755859372
SAILIFE,1488.199951171875
SAIPARENT,623.7999877929688
SAKAR,953.75
SAKHTISUG,44.34999847412109
SAKSOFT,313.5599975585937
SALASAR,33.95000076293945
SALSTEEL,79.22000122070312
SALZERELEC,1596.1500244140625
SAMBANDAM,144.08999633789062
SAMBHV,139.6999969482422
SAMMAANCAP,1266.7928466796875
SAMPANN,60.45000076293945
SANATHAN,554.0499877929688
SANDESH,1969.199951171875
SANDHAR,734.6500244140625
SANGAMIND,636.9500122070312
SANGHVIMOV,720.6749877929688
SANGINITA,176.38333129882812
SANOFI,10072.650390625
SANOFICONR,5696.0
SANSERA,4003.199951171875
SANSTAR,151.8699951171875
SAPPHIRE,381.6000061035156
SAPPL,292.1000061035156
SARDAEN,626.1500244140625
SARLAPOLY,127.83000183105467
SASKEN,2647.89990234375
SATIA,154.85000610351562
SATIN,582.6010131835938
SAURASHCEM,144.66000366210938
SAYAJIHOTL,339.3500061035156
SBC,44.09000015258789
SBCL,1105.050048828125
SBGLP,138.32000732421875
SCANSTL,64.16000366210938
SCHAEFFLER,4825.60009765625
SCHAND,676.0
SCHNEIDER,1501.0
SCODATUBES,212.52999877929688
SDBL,170.14999389648438
SEAMECLTD,1699.0
SECURKLOUD,987.9000244140624
SEDEMAC,3261.39990234375
SEIL,211.66000366210935
SEJALLTD,3572.626708984375
SEKURITIND,121.66000366210938
SEMAC,3423.35009765625
SENCO,738.7999877929688
SEPC,39.74438095092773
SEYAIND,453.3999938964844
SFL,1972.199951171875
SGIL,617.9000244140625
SGL,37.95000076293945
SGMART,842.2999877929688
SGRL,524.2000122070312
SHADOWFAX,264.8399963378906
SHAH,11.543989181518556
SHAHALLOYS,128.8000030517578
SHAILY,3457.89990234375
SHAKTIPUMP,1344.8499755859375
SHALBY,323.04998779296875
SHALPAINTS,225.9031982421875
SHANKARA,2270.0
SHANKESH,94.81999969482422
SHANTIGEAR,685.0499877929688
SHARDACROP,1256.0
SHARDAMOTR,2925.449951171875
SHAREINDIA,399.489990234375
SHEKHAWATI,90.0
SHEMAROO,562.4000244140625
SHERVANI,349.95001220703125
SHILGRAVQ,169.49000549316406
SHINDL,165.3800048828125
SHIPROCKET,143.4499969482422
SHIVAAGRO,42.7599983215332
SHIVACEM,16.979999542236328
SHIVALIK,1167.4000244140625
SHIVAMAUTO,97.04011535644533
SHIVAMILLS,191.6000061035156
SHIVATEX,640.7999877929688
SHIVAUM,449.5499877929688
SHK,343.75
SHOPERSTOP,914.0499877929688
SHRADDHA,162.89999389648438
SHREEJISPG,673.2999877929688
SHREEPUSHK,454.75
SHREERAMA,69.2300033569336
SHREYANIND,331.29998779296875
SHRIKRISH,38.20000076293945
SHRINGARMS,261.8599853515625
SHRIPISTON,4746.7998046875
SHRIRAMFIN,1141.0
SHRIRAMPPS,144.82000732421875
SHRJAGP,709.2000122070312
SHUKRAPHAR,44.220001220703125
SHYAMCENT,36.25
SHYAMMETL,1099.800048828125
SHYAMTEL,38.45000076293945
SICAGEN,74.05999755859375
SICALLOG,4062.75
SIEL,42.41999816894531
SIEMENS,4687.9541015625
SIGACHI,91.5
SIGMA,556.75
SIGMAADV,763.6500244140625
SIGNATURE,1612.9000244140625
SIGNPOST,441.7000122070313
SIKA,1036.5999755859375
SIKKO,6.747972965240479
SIL,38.900001525878906
SILGO,83.51000213623047
SILINV,877.0999755859375
SILLYMONKS,81.2727279663086
SILVERTUC,1096.1500244140625
SIMPLEXINF,629.3499755859375
SIMPLXREA,132.0
SINCLAIR,134.35000610351562
SINDHUTRAD,41.900001525878906
SINGERIND,91.3000030517578
SINTERCOM,179.24000549316406
SIS,689.4500122070312
SIYSIL,1134.5
SJS,2561.699951171875
SJVN,153.77999877929688
SKFINDIA,6921.2001953125
SKIPPER,637.8499755859375
SKYGOLD,848.0999755859375
SMARTLINK,338.8500061035156
SMARTWORKS,606.6500244140625
SMCGLOBAL,92.05999755859376
SMLMAH,5917.5
SNOWMAN,90.48999786376952
SOBHA,2122.9892578125
SOLARA,1810.949951171875
SOLARINDS,20580.0
SOLEX,1918.0
SOMANYCERA,953.0999755859376
SOMICONVEY,235.5800018310547
SONACOMS,824.0
SONAL,90.8000030517578
SONAMLTD,96.26000213623048
SONATSOFTW,857.6500244140625
SOTL,781.9500122070312
SOUTHBANK,48.4900016784668
SOUTHWEST,269.1300048828125
SPAL,1178.5999755859375
SPANDANA,1360.300048828125
SPARC,519.3499755859375
SPCENET,38.54999923706055
SPECIALITY,275.8999938964844
SPECTRUM,2568.0
SPELS,152.00999450683594
SPIC,122.76000213623048
SPLIL,83.8499984741211
SPLPETRO,901.75
SPMLINFRA,307.9700012207031
SPORTKING,229.6300048828125
SRD,111.95999908447266
SREEL,406.3500061035156
SRF,3286.5
SRHHYPOLTD,910.5499877929688
SRIKPRIND,20.8799991607666
SRM,634.0999755859375
SRTL,71.4000015258789
SSDL,203.6999969482422
SSWL,321.6000061035156
STALLION,414.3500061035156
STANLEY,607.3499755859375
STAR,1643.300048828125
STARCEMENT,298.75
STARHEALTH,906.8499755859376
STARTECK,410.0
STEELXIND,25.53499984741211
STEL,622.5999755859375
STERTOOLS,736.5499877929688
STLSTRINF,19.96999931335449
STLTECH,723.75
STOVEKRAFT,1098.8499755859375
STUDDS,574.5999755859375
STYL,429.25
STYLAMIND,3736.39990234375
STYRENIX,3466.800048828125
SUBEXLTD,72.5
SUDARCOLOR,824.7999877929688
SUDARSCHEM,1523.800048828125
SUKHJITS,306.3999938964844
SULA,670.8499755859375
SUMEDHA,39.869998931884766
SUMICHEM,652.25
SUMIT,157.0
SUNCLAY,2873.5
SUNDARMFIN,5581.5
SUNDRMBRAK,1338.0999755859375
SUNDRMFAST,1479.449951171875
SUNFLAG,415.8500061035156
SUNRAKSHAK,380.4500122070313
SUNSHIEL,1273.4000244140625
SUNSHINE,429.75
SUNTECK,630.0499877929688
SUPERHOUSE,278.25
SUPERSPIN,24.149999618530277
SUPRAJIT,620.5
SUPREME,110.97000122070312
SUPREMEINF,161.5500030517578
SUPRIYA,1052.5
SUPTANERY,13.350000381469728
SURAJEST,817.8499755859375
SURAJLTD,530.4000244140625
SURAKSHA,418.6499938964844
SURANAT&P,29.549999237060547
SURYALA,398.75
SURYALAXMI,145.25
SURYODAY,277.79998779296875
SUTLEJTEX,110.25
SUVEN,373.6000061035156
SUVIDHAA,104.8000030517578
SUYOG,1918.699951171875
SUZLON,84.69999694824219
SVGLOBAL,133.0
SVLL,849.1500244140625
SVPGLOB,150.89999389648438
SWANCORP,787.1500244140625
SWANDEF,18892.5
SWARAJ,377.1000061035156
SWARAJENG,4607.89990234375
SWELECTES,1461.75
SWIGGY,597.4500122070312
SWISSMLTRY,17.739999771118164
SYMPHONY,2147.550048828125
SYNCOMF,26.770000457763672
SYNGENE,947.7999877929688
SYRMA,1516.4000244140625
SYSTMTXC,168.6699981689453
TAINWALCHM,316.20001220703125
TAJGVK,514.6500244140625
TAKE,297.6000061035156
TALBROAUTO,439.3500061035156
TANAA,313.8500061035156
TANLA,2061.699951171875
TARACHAND,98.7699966430664
TARAPUR,49.86000061035156
TARC,266.1000061035156
TARIL,619.5999755859375
TARMAT,148.35000610351562
TARSONS,871.0999755859375
TASTYBITE,20398.400390625
TATACAP,382.7000122070313
TATACOMM,2158.75
TATACONSUM,1271.0
TATAELXSI,10684.900390625
TATAINVEST,1058.0
TATAPOWER,485.5
TATASTEEL,221.1300048828125
TATATECH,1313.0
TATVA,2877.949951171875
TBOTEK,1928.5999755859373
TCC,466.25
TCI,1267.199951171875
TCIEXP,2520.25
TCPLPACK,4668.5
TCS,4553.75
TDPOWERSYS,793.2999877929688
TECHM,1806.0999755859373
TECHNOCRAF,358.239990234375
TECHNOE,1780.6500244140625
TECHNVISN,5129.2001953125
TEGA,2197.75
TEJASNET,1452.25
TEMBO,88.24500274658203
TERAI,128.35000610351562
TERASOFT,579.3499755859375
TEXINFRA,155.11000061035156
TEXMOPIPES,101.8000030517578
TFL,38.68000030517578
TGBHOTELS,112.25
TGVSL,106.0999984741211
THACKER,1100.0
THANGAMAYL,7309.5
THEINVEST,324.5
THELEELA,561.7000122070312
THEMISMED,300.1499938964844
THERMAX,5666.4501953125
THOMASCOOK,261.8999938964844
THOMASCOTT,500.1499938964844
TI,582.7999877929688
TIGERLOGS,52.040000915527344
TIIL,3891.550048828125
TIINDIA,4716.60009765625
TIJARIA,28.399999618530277
TIL,661.5499877929688
TIMETECHNO,250.625
TIMEX,653.75
TIMKEN,4712.64990234375
TIPSFILMS,948.25
TIRUPATIFL,81.55000305175781
TITAGARH,1859.8499755859373
TMB,897.5999755859375
TMCV,505.2999877929688
TMPV,1161.8499755859375
TNPL,487.1000061035156
TNTELE,25.65999984741211
TOKYOPLAST,160.14999389648438
TOLINS,246.97000122070312
TORNTPHARM,5122.7998046875
TORNTPOWER,1973.6500244140625
TOTAL,195.1499938964844
TPHQ,3.1600000858306885
TPLPLASTEH,129.8800048828125
TRACXN,118.4000015258789
TRANSCOR,25.950000762939453
TRANSPEK,1414.5
TRANSRAILL,805.2000122070312
TRANSWORLD,628.4000244140625
TRAVELFOOD,1428.5999755859375
TREEHOUSE,35.95000076293945
TREJHARA,294.04998779296875
TREL,57.900001525878906
TRENT,8234.9501953125
TRF,662.5499877929688
TRIDENT,68.0
TRITONV,1179.699951171875
TRITURBINE,834.8499755859375
TRIVENI,507.5
TRU,107.4499969482422
TRUALT,531.9500122070312
TSFINV,690.4000244140625
TTKHLTCARE,1843.0999755859373
TTL,18.224000930786133
TTML,290.1499938964844
TURTLEMINT,153.63999938964844
TVSELECT,670.7000122070312
TVSHLTD,15738.0
TVSMOTOR,4466.2001953125
TVSSCS,245.3500061035156
TVSSRICHAK,5311.7998046875
TVTODAY,542.3499755859375
TVVISION,321.1000061035156
UBL,2238.89990234375
UCAL,329.75
UCOBANK,68.4000015258789
UDAYJEW,144.97000122070312
UDS,432.75
UEL,5423.2802734375
UFBL,1913.0999755859373
UFLEX,844.7999877929688
UGARSUGAR,134.4499969482422
ULTRACEMCO,13052.0
ULTRAMAR,433.7999877929688
UMAEXPORTS,141.3300018310547
UMIYA-MRO,126.18000030517578
UNICHEMLAB,899.6500244140625
UNIDT,584.9000244140625
UNIECOM,242.47000122070312
UNIENTER,192.9600067138672
UNIINFO,55.75
UNIMECH,1522.5999755859375
UNIONBANK,202.2700042724609
UNIPARTS,825.8499755859375
UNITDSPR,1688.550048828125
UNITECH,18.899999618530277
UNIVASTU,176.88999938964844
UNIVPHOTO,953.7999877929688
UNOMINDA,1366.300048828125
UPHOT,1448.0
UPL,853.5499877929688
URAVIDEF,643.5499877929688
URBANCO,186.72999572753903
URJA,39.70000076293945
USHAMART,520.25
USK,84.08999633789062
UTIAMC,1475.4000244140625
UTKARSHBNK,64.5
UTLSOLAR,483.9500122070313
UTTAMSUGAR,522.2999877929688
UYFINCORP,34.560001373291016
V2RETAIL,256.3999938964844
VADILALIND,7781.0
VADILENT,10100.0
VAISHALI,24.899999618530277
VAKRANGEE,470.5553588867188
VALIANTLAB,204.8000030517578
VARROC,1151.949951171875
VASCONEQ,90.4499969482422
VASUPRADA,96.08000183105467
VASWANI,68.94999694824219
VBL,674.1199951171875
VCL,16.916311264038086
VEDL,787.5
VEDPOWER,48.63999938964844
VEEDOL,3513.090087890625
VELJAN,1840.5999755859373
VENKEYS,4574.89990234375
VENTIVE,825.5999755859375
VENUSREM,1947.0
VERANDA,369.3500061035156
VERTOZ,440.7749938964844
VETO,260.1000061035156
VGCL,59.959999084472656
VGL,95.5500030517578
VGUARD,524.1500244140625
VHL,5801.0
VHLTD,2735.0
VIDHIING,567.9000244140625
VIJAYA,1510.5999755859375
VIJIFIN,14.75
VIJSOLX,706.0
VIKASECO,17.518016815185547
VIKASLIFE,17.187652587890625
VIKRAMSOLR,378.7999877929688
VIKRAN,114.87999725341795
VINATIORGA,2342.449951171875
VINCOFE,174.64999389648438
VINDHYATEL,3143.0
VINEETLAB,119.4000015258789
VINNY,16.350000381469727
VINYLINDIA,915.4500122070312
VIPCLOTHNG,98.0500030517578
VIPULLTD,99.4499969482422
VIRAT,482.0
VIRINCHI,52.04999923706055
VIRTUALG,0.550000011920929
VISACHROME,70.18000030517578
VISAKAIND,173.14999389648438
VISHAL,82.04444122314453
VISHNU,647.8499755859375
VISHWARAJ,43.54999923706055
VISL,42.650001525878906
VITAL,165.3000030517578
VIVIANA,1759.949951171875
VIVIDHA,3.049999952316284
VIVIMEDLAB,143.1999969482422
VIVOBIOT,19.290000915527344
VIYASH,323.6000061035156
VLEGOV,191.19000244140625
VLSFINANCE,430.3999938964844
VMART,1124.1500244140625
VMM,153.17999267578125
VMSTMT,99.6500015258789
VOEPL,579.5499877929688
VOGL,44.59000015258789
VOITHPAPR,1517.4000244140625
VOLTAMP,14472.7998046875
VOLTAS,1929.199951171875
VRAJ,282.2699890136719
VRLLOG,397.5
VSTIND,481.25
VSTL,446.25
VSTTILLERS,6262.5
VTL,666.25
VTMLTD,56.470001220703125
WAAREEENER,3739.800048828125
WAAREEINDO,1395.0
WAAREERTL,1330.5
WABAG,2221.199951171875
WAKEFIT,215.8000030517578
WALCHANNAG,418.8900146484375
WANBURY,344.75
WARDINMOBI,6.320000171661377
WATERBASE,160.5500030517578
WCIL,166.41000366210938
WEALTH,1707.8499755859375
WEBELSOLAR,183.6999969482422
WEIZMANIND,154.5800018310547
WEL,198.17999267578125
WELENT,692.8499755859375
WELINV,2340.60009765625
WELSPLSOL,54.709999084472656
WELSPUNLIV,207.25999450683597
WENDT,17259.5
WESTLIFE,988.9500122070312
WEWIN,109.4499969482422
WEWORK,755.4000244140625
WHBRADY,534.5
WHEELS,1786.0
WHIRLPOOL,2681.449951171875
WINDLAS,1144.25
WINDMACHIN,427.0
WIPL,260.9599914550781
WIPRO,360.75
WOCKPHARMA,2152.89990234375
WONDERLA,1080.050048828125
WORTHPERI,179.36000061035156
WPIL,461.5
WSI,181.5399932861328
WSTCSTPAPR,782.9500122070312
XCHANGING,172.6999969482422
XPROINDIA,1634.4000244140625
XTGLOBAL,50.7400016784668
YASHO,4915.7998046875
YATHARTH,973.0499877929688
YATRA,191.33999633789065
YESBANK,394.0
YOGI,165.97000122070312
YUKEN,1537.050048828125
ZAGGLE,581.7000122070312
ZEEL,613.4000244140625
ZEELEARN,50.20000076293945
ZEEMEDIA,48.79999923706055
ZENITHEXPO,453.05999755859375
ZENITHSTL,14.720000267028809
ZENSARTECH,967.75
ZENTEC,2577.0
ZFCVINDIA,2950.64990234375
ZFSTEERING,855.2000122070312
ZIMLAB,149.0
ZODIAC,816.5
ZODIACLOTH,276.79998779296875
ZOTA,1687.0
ZSARACOM,13076.0
ZUARI,646.7000122070312
ZUARIIND,415.3500061035156
ZYDUSLIFE,1300.9000244140625
ZYDUSWELL,602.5
