symbol,mcap,price,shares,ok,err
360ONE,,,407564504.0,False,
3MINDIA,,,11265070.0,False,
3IINFOLTD,,,207403767.0,False,
20MICRONS,,,35286502.0,False,
3BBLACKBIO,,,,False,
21STCENMGM,,,10500000.0,False,
3PLAND,,,,False,
5PAISA,,,46879257.0,False,
63MOONS,,,46078537.0,False,
AAATECH,,,12826800.0,False,
A2ZINFRA,,,177522358.0,False,
AADHARHFC,,,438206717.0,False,
AAKASH,,,101250000.0,False,
AARTIIND,,,362726695.0,False,
AAREYDRUGS,,,33354303.0,False,
AARON,,,20946478.0,False,
AARTECH,,,31770375.0,False,
AARNAV,,,,False,
AARTIDRUGS,,,91270000.0,False,
AARTIPHARM,,,90679813.0,False,
AARVI,,,14810700.0,False,
AASTHA,,,,False,
AAVAS,,,79290026.0,False,
AARTISURF,,,8470905.0,False,
ABB,,,211908375.0,False,
ABBOTINDIA,,,21249302.0,False,
ABCAPITAL,,,2737370269.0,False,
ABANSENT,,,69748880.0,False,
ABFRL,,,1216777241.0,False,
ABCOTS,,,21963620.0,False,
ABAN,,,58365323.0,False,
ABDL,,,279710151.0,False,
ABINFRA,,,638789360.0,False,
ABLBL,,,1214638186.0,False,
ABMINTLLTD,,,9408000.0,False,
ACC,,,187787263.0,False,
ABREL,,,110577844.0,False,
ABMKNO,,,,False,
ABSLAMC,,,289358498.0,False,
ACCELYA,,,14926261.0,False,
ACCURACY,,,150560000.0,False,
ACE,,,119027888.0,False,
ACGL,,,,False,
ACEINTEG,,,10200000.0,False,
ACI,,,123458394.0,False,
ADANIENSOL,,,1222954468.0,False,
ACL,,,92172140.0,False,
ACMESOLAR,,,706291446.0,False,
ACSTECH,,,,False,
ACUTAAS,,,81871122.0,False,
ADANIENT,,,1353722600.0,False,
ADANIGREEN,,,1647176155.0,False,
ADANIPOWER,,,19284694705.0,False,
ADANIPORTS,,,2303959098.0,False,
ADDIND,,,,False,
ADFFOODS,,,109863595.0,False,
ADL,,,5566250.0,False,
ADROITINFO,,,57268430.0,False,
ADSL,,,56650603.0,False,
ADOR,,,17402815.0,False,
ADVAIT,,,10936777.0,False,
ADVANIHOTR,,,92438500.0,False,
ADVANCE,,,64285720.0,False,
ADVENZYMES,,,111549239.0,False,
ADVIKCA,,,,False,
AEGISLOG,,,351000000.0,False,
ADVENTHTL,,,53942887.0,False,
AEGISVOPAK,,,1107991489.0,False,
AEPL,,,251036900.0,False,
AEQUS,,,654854135.0,False,
AEROFLEX,,,132330768.0,False,
AEROENTER,,,113164200.0,False,
AERONEU,,,25796000.0,False,
AEROPLANE,,,103551556.0,False,
AETHER,,,132727845.0,False,
AFCONS,,,367784631.0,False,
AFFLE,,,140740451.0,False,
AFFORDABLE,,,11851105.0,False,
AFIL,,,426749960.0,False,
AFSL,,,50839759.0,False,
AGARIND,,,14957789.0,False,
AGI,,,64697381.0,False,
AGARWALEYE,,,316983028.0,False,
AGL,,,982782096.0,False,
AGIIL,,,124997388.0,False,
AGRITECH,,,5940000.0,False,
AGROPHOS,,,20274115.0,False,
AHCL,,,531515000.0,False,
AHLADA,,,12921000.0,False,
AHLEAST,,,17291696.0,False,
AHLWEST,,,11651210.0,False,
AHLUCONT,,,66987560.0,False,
AIRAN,,,125020000.0,False,
AIAENG,,,93320370.0,False,
AIIL,,,849225500.0,False,
AIROLAM,,,15002000.0,False,
AJANTPHARM,,,124959024.0,False,
AJMERA,,,196795650.0,False,
AJOONI,,,172243598.0,False,
AKASH,,,16862534.0,False,
AKCAPIT,,,6600000.0,False,
AJAXENGG,,,114406800.0,False,
AKG,,,31776576.0,False,
AKSHAR,,,787468500.0,False,
AKSHARCHEM,,,8033099.0,False,
AKI,,,103205956.0,False,
AKSHOPTFBR,,,162697971.0,False,
ALANKIT,,,271158100.0,False,
ALBERTDAVD,,,5707162.0,False,
AKUMS,,,153102058.0,False,
ALEMBICLTD,,,256781828.0,False,
ALGOQUANT,,,281096028.0,False,
ALFREDHE,,,,False,
ALKEM,,,119565000.0,False,
ALICON,,,16336840.0,False,
ALIVUS,,,122771448.0,False,
ALKALI,,,10182506.0,False,
ALLCARGO,,,1497778469.0,False,
ALLTIME,,,65507778.0,False,
ALMONDZ,,,174899756.0,False,
ALKYLAMINE,,,51146177.0,False,
ALLDIGI,,,15238326.0,False,
ALOKINDS,,,4965240401.0,False,
ALPA,,,21040600.0,False,
ALPHAGEO,,,6364767.0,False,
ALPINETEX,,,38247000.0,False,
AMAL,,,,False,
AMAGI,,,216338944.0,False,
ALUFLUOR,,,,False,
AMBER,,,35267767.0,False,
AMANTA,,,38829351.0,False,
AMBALALSA,,,76633296.0,False,
AMARJOTHI,,,,False,
AMBIKCO,,,5725000.0,False,
AMBUJACEM,,,2484817186.0,False,
AMBICAAGAR,,,17177400.0,False,
AMJLAND,,,41000000.0,False,
AMDIND,,,19166749.0,False,
AMNPLST,,,55020000.0,False,
ANANDRATHI,,,166041268.0,False,
AMRUTANJAN,,,28900081.0,False,
ANANTRAJ,,,359876930.0,False,
ANGELONE,,,913687448.0,False,
ANDHRAPAP,,,198850195.0,False,
ANDHRSUGAR,,,135535390.0,False,
ANIKINDS,,,27753486.0,False,
ANDREWYU,,,,False,
ANNAPURNA,,,17590000.0,False,
ANMOL,,,56914150.0,False,
ANSALBU,,,,False,
ANTELOPUS,,,35162358.0,False,
ANTHEM,,,561713851.0,False,
ANTGRAPHIC,,,155009600.0,False,
ANUHPHR,,,100224000.0,False,
ANUP,,,20031466.0,False,
ANURAS,,,113849841.0,False,
APLAPOLLO,,,277658405.0,False,
APARINDS,,,41872337.0,False,
APCOTEXIND,,,51844960.0,False,
APEX,,,31250000.0,False,
APCL,,,29374764.0,False,
APOLLOHOSP,,,143784657.0,False,
APOLLOTYRE,,,632581334.0,False,
APOLLO,,,371599512.0,False,
APLLTD,,,196563124.0,False,
APOLLOPIPE,,,43919356.0,False,
APOLSINHOT,,,2600400.0,False,
APOORVA,,,,False,
APTECHT,,,58002817.0,False,
AQYLON,,,253730560.0,False,
APTUS,,,500817736.0,False,
ARCHIDPLY,,,20002967.0,False,
ARCL,,,,False,
ARCHIES,,,33780000.0,False,
ARDEE,,,,False,
ARE&M,,,183025364.0,False,
ARENTERP,,,3233841.0,False,
ARIES,,,13004339.0,False,
ARFIN,,,168722482.0,False,
ARIHANT,,,10862497.0,False,
ARIHANTCAP,,,109612400.0,False,
ARIS,,,81793846.0,False,
ARIHANTSUP,,,43249991.0,False,
ARKADE,,,185663617.0,False,
ARMANFIN,,,10514761.0,False,
AROGRANITE,,,15300000.0,False,
ARROWGREEN,,,15087938.0,False,
ARSSBL,,,63066400.0,False,
ARTEMISMED,,,,False,
ARTNIRMAN,,,24956000.0,False,
ARVIND,,,272040630.0,False,
ARVEE,,,11020000.0,False,
ARVSMART,,,45866979.0,False,
ARVINDFASN,,,133696989.0,False,
ARYAMAN,,,12247000.0,False,
ASAHIINDIA,,,254927192.0,False,
ASAL,,,15864397.0,False,
ASAHISONG,,,11787262.0,False,
ASHAPURMIN,,,95526098.0,False,
ASALCBR,,,20079200.0,False,
ASHIANA,,,100524857.0,False,
ASHIKAG,,,,False,
ASHOKLEY,,,5873854552.0,False,
ASHIMASYN,,,191660078.0,False,
ASHOKA,,,280723217.0,False,
ASIANPAINT,,,958644295.0,False,
ASHOKAMET,,,24996000.0,False,
ASIANHOTNR,,,42633229.0,False,
ASIANENE,,,48591378.0,False,
ASIANTNE,,,,False,
ASIANTILES,,,296475285.0,False,
ASKAUTOLTD,,,197142600.0,False,
ASPINWALL,,,7818288.0,False,
ASSAMENT,,,,False,
ASMS,,,304576740.0,False,
ASTRAL,,,268650163.0,False,
ASTAR,,,,False,
ASTEC,,,22282238.0,False,
ASTERDM,,,871672439.0,False,
ASTRAMICRO,,,94945008.0,False,
ATGL,,,1099810083.0,False,
ASTRAZEN,,,25000000.0,False,
ATALREAL,,,123896250.0,False,
ATAM,,,11463000.0,False,
ATL,,,291859323.0,False,
ATLANTAA,,,81500000.0,False,
ATUL,,,29441755.0,False,
ATLASCYCLE,,,6503838.0,False,
ATLANTAELE,,,76896625.0,False,
AUBANK,,,749004181.0,False,
ATHERENERG,,,399959479.0,False,
ATULAUTO,,,27751280.0,False,
AURIONPRO,,,55213530.0,False,
AUROPHARMA,,,575377895.0,False,
AURUS,,,,False,
AURUM,,,76736194.0,False,
AUSOMENT,,,13623552.0,False,
AUSTENG,,,,False,
AUTOAXLES,,,15111975.0,False,
AUTOIND,,,45375401.0,False,
AVALON,,,66811755.0,False,
AVADHSUGAR,,,20018420.0,False,
AVANCE,,,1981917430.0,False,
AVANTEL,,,265710850.0,False,
AVANTIFEED,,,136245630.0,False,
AVG,,,18708076.0,False,
AVONMORE,,,282184741.0,False,
AVL,,,129138050.0,False,
AVROIND,,,13417140.0,False,
AWFIS,,,71563186.0,False,
AXISBANK,,,3113082830.0,False,
AVTNPL,,,152284000.0,False,
AWHCL,,,28371681.0,False,
AXISCADES,,,42533489.0,False,
AWL,,,1291817635.0,False,
AXITA,,,382673533.0,False,
AXTEL,,,,False,
AYE,,,244551762.0,False,
AYMSYNTEX,,,58734091.0,False,
BAJAJ-AUTO,,,274803838.0,False,
AZAD,,,64581743.0,False,
AZADIND,,,54443154.0,False,
BAFNAPH,,,23656335.0,False,
BAGFILMS,,,217918090.0,False,
BAIDFIN,,,154888107.0,False,
BAJAJFINSV,,,1600244726.0,False,
BAJAJHLDNG,,,111293510.0,False,
BAJAJELEC,,,115392769.0,False,
BAJAJCON,,,130618321.0,False,
BAJAJHCARE,,,33662661.0,False,
BAJAJHIND,,,2388886041.0,False,
BAJAJHFL,,,8328662006.0,False,
BAJFINANCE,,,6220913102.0,False,
BAJAJINDEF,,,32000000.0,False,
BAJEL,,,115696935.0,False,
BAJAJST,,,,False,
BALAJEE,,,81570852.0,False,
BALAJITELE,,,121902291.0,False,
BALAMINES,,,32401000.0,False,
BALKRISIND,,,193317190.0,False,
BALKRISHNA,,,32219532.0,False,
BALAXI,,,55207500.0,False,
BALMLAWRIE,,,171003846.0,False,
BALPHARMA,,,15920872.0,False,
BALRAMCHIN,,,211597496.0,False,
BALUFORGE,,,114991900.0,False,
BANDHANBNK,,,1611111580.0,False,
BANARISUG,,,12539700.0,False,
BANARBEADS,,,6597522.0,False,
BANCOINDIA,,,143037300.0,False,
BANKBARODA,,,5171362179.0,False,
BANKINDIA,,,4552667866.0,False,
BANG,,,13560000.0,False,
BANKA,,,10874207.0,False,
BANSALWIRE,,,156555952.0,False,
BANSWRAS,,,34232084.0,False,
BASF,,,43285640.0,False,
BASML,,,79921375.0,False,
BATAINDIA,,,128527540.0,False,
BATLIBOI,,,47226840.0,False,
BAYERCROP,,,44942092.0,False,
BBL,,,11303120.0,False,
BBOX,,,177599205.0,False,
BBTC,,,69771900.0,False,
BBTCL,,,20511240.0,False,
BDL,,,366562500.0,False,
BCG,,,2018521873.0,False,
BCLIND,,,295163340.0,False,
BCONCEPTS,,,12481877.0,False,
BCPL,,,16723638.0,False,
BEL,,,7309778829.0,False,
BEARDSELL,,,39437000.0,False,
BEDMUTHA,,,32263884.0,False,
BEEKAY,,,,False,
BECTORFOOD,,,306702212.0,False,
BELLACASA,,,13387500.0,False,
BEML,,,83289000.0,False,
BERGEPAINT,,,1166002812.0,False,
BENGALASM,,,,False,
BEPL,,,248858460.0,False,
BENARAS,,,,False,
BELRISE,,,967151919.0,False,
BESTAGRO,,,354671100.0,False,
BETA,,,10094553.0,False,
BFINVEST,,,37667628.0,False,
BFUTILITIE,,,37667628.0,False,
BGRENERGY,,,72161560.0,False,
BHAGCHEM,,,129669080.0,False,
BHARATFORG,,,478088632.0,False,
BHAGERIA,,,43644180.0,False,
BHAGYANGR,,,33496434.0,False,
BHARATCOAL,,,,False,
BHARATGEAR,,,15355058.0,False,
BHANDARI,,,332956433.0,False,
BHARTIARTL,,,6238658094.0,False,
BHARATRAS,,,16621072.0,False,
BHEL,,,3482063355.0,False,
BHARATSE,,,62800000.0,False,
BHARATWIRE,,,68782985.0,False,
BHARTIHEXA,,,500000000.0,False,
BI,,,,False,
BIGBLOC,,,141575750.0,False,
BIKAJI,,,250736400.0,False,
BIL,,,13410411.0,False,
BIOCON,,,1628293737.0,False,
BILVYAPAR,,,31366175.0,False,
BIMETAL,,,3825000.0,False,
BIOFILCHEM,,,16273800.0,False,
BIRLACABLE,,,30000000.0,False,
BIRLACORPN,,,77005347.0,False,
BIRLAMONEY,,,56509201.0,False,
BIRLANU,,,7540899.0,False,
BIRLAPREC,,,68387637.0,False,
BLACKBUCK,,,182150052.0,False,
BLACKROSE,,,,False,
BLAL,,,41644500.0,False,
BLBLIMITED,,,52865258.0,False,
BLEL,,,,False,
BLIL,,,221972690.0,False,
BLISSGVS,,,106275222.0,False,
BLS,,,411522253.0,False,
BLKASHYAP,,,225482408.0,False,
BLSE,,,90654077.0,False,
BLUECHIP,,,55304340.0,False,
BLUECLOUDS,,,,False,
BLUESTARCO,,,205592970.0,False,
BLUECOAST,,,19679557.0,False,
BLUEDART,,,23727934.0,False,
BLUEJET,,,173465425.0,False,
BLUESTONE,,,152749400.0,False,
BMWVENTLTD,,,86715000.0,False,
BNAGROCHEM,,,,False,
BLUSPRING,,,149502111.0,False,
BNALTD,,,,False,
BODALCHEM,,,125944065.0,False,
BOHRAIND,,,10297152.0,False,
BOROLTD,,,119587629.0,False,
BORANA,,,26645295.0,False,
BONLON,,,16383358.0,False,
BOSCHLTD,,,29496100.0,False,
BPCL,,,4272584874.0,False,
BORORENEW,,,147183709.0,False,
BOROSCI,,,88951525.0,False,
BOMDYEING,,,206534900.0,False,
BOSCH-HCIL,,,27190884.0,False,
BPL,,,48975751.0,False,
BPLPHARMA,,,,False,
BRIGADE,,,326162379.0,False,
BRIGHOTEL,,,379842565.0,False,
BRITANNIA,,,240868296.0,False,
BRIGHTBR,,,,False,
BSE,,,406129077.0,False,
BROOKS,,,29457248.0,False,
BSOFT,,,279579589.0,False,
BSHSL,,,104937280.0,False,
BRNL,,,83950000.0,False,
BSL,,,10292168.0,False,
BTML,,,181697777.0,False,
BTTL,,,58373305.0,False,
BUILDPRO,,,24249326.0,False,
BURNPUR,,,17224873.0,False,
BUTTERFLY,,,17879551.0,False,
BVCL,,,22160000.0,False,
BYKE,,,52279300.0,False,
CAMLINFINE,,,192091613.0,False,
CALSOFT,,,61828424.0,False,
CAMPUS,,,305679721.0,False,
CAMS,,,248297551.0,False,
CANBK,,,9070651260.0,False,
BRAHMINFRA,,,,False,
CANFINHOME,,,133154591.0,False,
CANHLIFE,,,947484925.0,False,
CANTABIL,,,83638040.0,False,
CAPACITE,,,84604043.0,False,
CAPILLARY,,,79471983.0,False,
CAPLIPOINT,,,76011696.0,False,
CARBORUNIV,,,190505384.0,False,
CARERATING,,,30087146.0,False,
CAPITALSFB,,,45465185.0,False,
CAPTRUST,,,33875489.0,False,
CARRARO,,,56851538.0,False,
CARYSIL,,,28442606.0,False,
CARTRADE,,,48512035.0,False,
CASTROLIND,,,989122384.0,False,
CCAVENUE,,,3481019690.0,False,
CCCL,,,446759451.0,False,
CCHHL,,,163464735.0,False,
CDSL,,,209000000.0,False,
CEATLTD,,,40450092.0,False,
CEINSYS,,,20937661.0,False,
CCL,,,133335339.0,False,
CEIGALL,,,174204861.0,False,
CELLO,,,220885034.0,False,
CELEBRITY,,,64548346.0,False,
CENTEXT,,,80000000.0,False,
CENTENKA,,,21850589.0,False,
CENTRALBK,,,9051401274.0,False,
CENTRUM,,,474507460.0,False,
CEMPRO,,,171787584.0,False,
CENTUM,,,14740983.0,False,
CESC,,,1325570430.0,False,
CGPOWER,,,1575450059.0,False,
CERA,,,12894976.0,False,
CENTURYPLY,,,222172990.0,False,
CEWATER,,,20696233.0,False,
CFEL,,,,False,
CHAMBLFERT,,,400652297.0,False,
CGCL,,,962153962.0,False,
CGVAK,,,,False,
CHALET,,,218994127.0,False,
CHEMBOND,,,13448288.0,False,
CHEMBONDCH,,,26896576.0,False,
CHEMCRUX,,,,False,
CHEMCON,,,36630701.0,False,
CHEMFAB,,,14373702.0,False,
CHEMPLASTS,,,158109574.0,False,
CHOLAFIN,,,854013036.0,False,
CHENNPETRO,,,148911400.0,False,
CHEVIOT,,,5841875.0,False,
CHOICEIN,,,222776500.0,False,
CHOLAHLDNG,,,187777462.0,False,
CIEINDIA,,,379362377.0,False,
CIPLA,,,807858447.0,False,
CINELINE,,,38112587.0,False,
CIFL,,,391056300.0,False,
CINEVISTA,,,57436475.0,False,
CLCIND,,,7777266.0,False,
CLEANMAX,,,117271170.0,False,
CLEAN,,,106282520.0,False,
CLSEL,,,49725620.0,False,
CMLL,,,65375785.0,False,
CLEDUCATE,,,54223958.0,False,
CMPDI,,,,False,
CMSINFO,,,160063415.0,False,
COALINDIA,,,6162728327.0,False,
CMRGREEN,,,,False,
CNL,,,15016675.0,False,
COFORGE,,,442920492.0,False,
COASTCORP,,,66977230.0,False,
COCHINSHIP,,,263080780.0,False,
COLPAL,,,271985634.0,False,
COFFEEDAY,,,211251719.0,False,
COCKERILL,,,,False,
COHANCE,,,382597330.0,False,
CONCOR,,,761617935.0,False,
COMFINTE,,,319938080.0,False,
COMPEAU,,,,False,
COMSYN,,,40339200.0,False,
COMPUSOFT,,,79125188.0,False,
CONCORDBIO,,,104616204.0,False,
CONFIPET,,,332241043.0,False,
CONTROLPR,,,15994212.0,False,
CONSOFINVT,,,32326366.0,False,
COROMANDEL,,,294541099.0,False,
CORALFINAC,,,40302225.0,False,
CORDELIA,,,723945430.0,False,
CORDSCABLE,,,12927780.0,False,
CORONA,,,,False,
COSMOFIRST,,,25958155.0,False,
CPCAP,,,18199006.0,False,
CPEDU,,,18192939.0,False,
COUNCODOS,,,77597300.0,False,
CPL,,,,False,
CRAFTSMAN,,,26154433.0,False,
CPPLUS,,,118300435.0,False,
CREATIVEYE,,,20058250.0,False,
CRAMC,,,199417428.0,False,
CRAVATEX,,,,False,
CREDITACC,,,160259533.0,False,
CROMPTON,,,643914875.0,False,
CREST,,,28268775.0,False,
CRISIL,,,73130017.0,False,
CRIZAC,,,174982500.0,False,
CROWN,,,11223344.0,False,
CRSL,,,430977016.0,False,
CSBBANK,,,169477587.0,False,
CSLFINANCE,,,22487484.0,False,
CSM,,,51603472.0,False,
CTE,,,19250771.0,False,
CUMMINSIND,,,277200000.0,False,
CUB,,,990787237.0,False,
CUBEXTUB,,,14318975.0,False,
CYIENT,,,104090454.0,False,
CURAA,,,9900000.0,False,
CYBERMEDIA,,,20829721.0,False,
CUPID,,,1344660700.0,False,
DABUR,,,1773957026.0,False,
CYIENTDLM,,,79364396.0,False,
CYBERTECH,,,30280593.0,False,
DALBHARAT,,,187728794.0,False,
DAICHI,,,,False,
DALMIASUG,,,80939303.0,False,
DAMODARIND,,,23300000.0,False,
DANGEE,,,153975000.0,False,
DATAMATICS,,,59106389.0,False,
DAMCAPITAL,,,70686000.0,False,
DATAPATTNS,,,55983969.0,False,
DBCORP,,,178254679.0,False,
DAVANGERE,,,1429990798.0,False,
DBEIL,,,465808600.0,False,
DBL,,,162444833.0,False,
DBOL,,,65788590.0,False,
DBREALTY,,,542406761.0,False,
DBSTOCKBRO,,,35000000.0,False,
DCAL,,,156783095.0,False,
DCBBANK,,,322077427.0,False,
DCI,,,16400000.0,False,
DCMFINSERV,,,22125054.0,False,
DCM,,,18677749.0,False,
DCMNVL,,,18677749.0,False,
DCMSHRIRAM,,,154854814.0,False,
DCMSIL,,,86992185.0,False,
DCMSRIND,,,86992185.0,False,
DCW,,,295155017.0,False,
DCXINDIA,,,111386427.0,False,
DDEVPLSTIK,,,103476664.0,False,
DECCANCE,,,14007500.0,False,
DECNGOLD,,,200970715.0,False,
DEEDEV,,,75239438.0,False,
DEEPAKNTR,,,136393041.0,False,
DEEP,,,,False,
DELHIVERY,,,749166930.0,False,
DEEPAKFERT,,,126365329.0,False,
DEEPINDS,,,64000000.0,False,
DELPHIFX,,,245267775.0,False,
DELTACORP,,,267771097.0,False,
DELTAMAGNT,,,10851120.0,False,
DEN,,,476765914.0,False,
DENORA,,,5308634.0,False,
DENTA,,,26700000.0,False,
DEVYANI,,,1232939791.0,False,
DEVIT,,,56363714.0,False,
DEVX,,,94631955.0,False,
DGCONTENT,,,58022421.0,False,
DHABRIYA,,,,False,
DHAMPURSUG,,,64306509.0,False,
DHANBANK,,,394698851.0,False,
DHANUKA,,,44578324.0,False,
DHATRE,,,108954500.0,False,
DHOOTTRANS,,,204548057.0,False,
DHRUV,,,18966569.0,False,
DHUNINV,,,6097178.0,False,
DHARMAJ,,,33797296.0,False,
DIACABS,,,598071060.0,False,
DIAMINESQ,,,10055519.0,False,
DIAMONDYD,,,23929955.0,False,
DIFFNKG,,,37126259.0,False,
DIGIDRIVE,,,38561898.0,False,
DIGISPICE,,,208603263.0,False,
DICIND,,,9178977.0,False,
DIGITIDE,,,149110807.0,False,
DIGJAMLMTD,,,20000000.0,False,
DIVISLAB,,,265468580.0,False,
DIXON,,,60801893.0,False,
DISAQ,,,,False,
DISHTV,,,1841256154.0,False,
DIVGIITTS,,,30582927.0,False,
DLF,,,2475311706.0,False,
DMART,,,652245977.0,False,
DJML,,,35929249.0,False,
DLINKINDIA,,,35504850.0,False,
DMCC,,,24939933.0,False,
DNAMEDIA,,,117708018.0,False,
DODLA,,,60327809.0,False,
DOLATALGO,,,176000000.0,False,
DOLLAR,,,56716120.0,False,
DOLPHIN,,,40004580.0,False,
DOMS,,,60688336.0,False,
DONEAR,,,52000000.0,False,
DPSCLTD,,,973789640.0,False,
DPABHUSHAN,,,22827920.0,False,
DPWIRES,,,15501233.0,False,
DRAGARWQ,,,,False,
DRREDDY,,,833000073.0,False,
DREAMFOLKS,,,53269862.0,False,
DREDGECORP,,,28000000.0,False,
DRCSYSTEMS,,,144081330.0,False,
DSSL,,,12737080.0,False,
DSKULKARNI,,,10000000.0,False,
DTIL,,,10507427.0,False,
DSFCL,,,86992185.0,False,
DUCON,,,459687351.0,False,
DVL,,,35024754.0,False,
DYCL,,,48458638.0,False,
DYNAMATECH,,,6791443.0,False,
DWARKESH,,,185301470.0,False,
DYNPRO,,,12428387.0,False,
E2E,,,205457890.0,False,
EASEMYTRIP,,,3636853188.0,False,
EASTSILK,,,5000000.0,False,
EBGNG,,,114011517.0,False,
EBIX,,,,False,
EASTWEST,,,,False,
ECLERX,,,92025272.0,False,
EICHERMOT,,,274521706.0,False,
ECOSMOBLTY,,,60000000.0,False,
ECORECO,,,,False,
EDELWEISS,,,946531653.0,False,
EFCIL,,,147946162.0,False,
EIDPARRY,,,177955692.0,False,
EIFFL,,,24800000.0,False,
EIEL,,,175530000.0,False,
EIHOTEL,,,625364182.0,False,
EIHAHOTELS,,,60936294.0,False,
EIMCOELECO,,,5768385.0,False,
EKC,,,112207682.0,False,
ELDEHSG,,,9833000.0,False,
ELANTAS,,,7927682.0,False,
EKI,,,,False,
ELECON,,,224399930.0,False,
ELCIDIN,,,,False,
ELECTCAST,,,618184591.0,False,
ELECTHERM,,,12742814.0,False,
ELGIRUBCO,,,50050000.0,False,
ELIN,,,49709220.0,False,
ELITECON,,,,False,
ELGIEQUIP,,,315241478.0,False,
ELLEN,,,140935600.0,False,
ELPROINTL,,,169479130.0,False,
EMAMIPAP,,,60499050.0,False,
EMAMILTD,,,436500000.0,False,
EMAMIREAL,,,52033889.0,False,
EMBDL,,,1390033433.0,False,
EMCURE,,,189699247.0,False,
EMIL,,,384748762.0,False,
EMMBI,,,19240250.0,False,
EMKAY,,,27625580.0,False,
EMPIND,,,,False,
EMPOWER,,,1163798560.0,False,
EMMVEE,,,692345033.0,False,
EMSLIMITED,,,55530807.0,False,
EMUDHRA,,,82043531.0,False,
ENDURANCE,,,140662848.0,False,
ENERGYDEV,,,47500000.0,False,
ENIL,,,47670415.0,False,
ENGINERSIN,,,562042373.0,False,
ENKEIWHEL,,,,False,
ENRIN,,,356120505.0,False,
ENTERO,,,43523072.0,False,
EPACK,,,96228477.0,False,
EPACKPEB,,,100631006.0,False,
EPIGRAL,,,43141338.0,False,
EPL,,,320297659.0,False,
EQUIPPP,,,103095225.0,False,
ERIS,,,138583305.0,False,
ESCORTS,,,110027390.0,False,
EQUITASBNK,,,1143896368.0,False,
ESABINDIA,,,15393020.0,False,
ESAFSFB,,,516018126.0,False,
ETERNAL,,,9205393097.0,False,
ESSARSHPNG,,,207884526.0,False,
ESTER,,,104295042.0,False,
ETHOSLTD,,,26757693.0,False,
ESSENTIA,,,1755283254.0,False,
EUREKAFORB,,,193506816.0,False,
EUROBOND,,,24500000.0,False,
EUROTEXIND,,,11756350.0,False,
EVEREADY,,,72687260.0,False,
EUROPRATIK,,,102200000.0,False,
EXCELINDUS,,,12570692.0,False,
EVERESTIND,,,15855754.0,False,
EXCELSOFT,,,115084164.0,False,
EXIDEIND,,,850000000.0,False,
EXICOM,,,139079771.0,False,
EXPLEOSOL,,,15519739.0,False,
EXXARO,,,447410700.0,False,
FABTECH,,,44450794.0,False,
FAIRCHEMOR,,,12595902.0,False,
FAZE3Q,,,24270922.0,False,
FACT,,,647071974.0,False,
FEDERALBNK,,,2469603482.0,False,
FCL,,,1164500900.0,False,
FCSSOFT,,,1709553100.0,False,
FDC,,,162810084.0,False,
FEDDERSHOL,,,201415970.0,False,
FERMENTA,,,,False,
FEDFINA,,,374960731.0,False,
FILATFASH,,,8334072725.0,False,
FIBERWEB,,,28791710.0,False,
FILATEX,,,444058375.0,False,
FIEMIND,,,26319660.0,False,
FINEORG,,,30659976.0,False,
FINCABLES,,,152939345.0,False,
FINOPB,,,83218402.0,False,
FINPIPE,,,618313905.0,False,
FIRSTCRY,,,485359263.0,False,
FISCHER,,,684407253.0,False,
FIVESTAR,,,295188618.0,False,
FINKURVE,,,140143988.0,False,
FLUOROCHEM,,,109850000.0,False,
FLAIR,,,105395378.0,False,
FMGOETZE,,,55632130.0,False,
FLEXITUFF,,,32822806.0,False,
FMNL,,,66762955.0,False,
FOCUS,,,67229575.0,False,
FOODSIN,,,73531558.0,False,
FORTIS,,,754958148.0,False,
FORCEMOT,,,13176262.0,False,
FRACTAL,,,171965112.0,False,
FREDUN,,,,False,
FRONTSP,,,,False,
FSL,,,690535266.0,False,
FOSECOIND,,,7574647.0,False,
FUSION,,,161716337.0,False,
GAIL,,,6575079643.0,False,
GABRIEL,,,177230023.0,False,
GAEL,,,458670660.0,False,
GALAPREC,,,12816200.0,False,
GAJA,,,,False,
GALLANTT,,,241280945.0,False,
GANDHAR,,,97879530.0,False,
GANDHITUBE,,,12152000.0,False,
GALAXYSURF,,,36574793.0,False,
GANECOS,,,26737394.0,False,
GANESHBE,,,71989421.0,False,
GANESHCP,,,40412946.0,False,
GANESHHOU,,,83387090.0,False,
GANGAFORGE,,,169700269.0,False,
GANGESSECU,,,10003687.0,False,
GARFIBRES,,,97648345.0,False,
GATECH,,,1787408130.0,False,
GARUDA,,,93041742.0,False,
GATECHDVR,,,1292408130.0,False,
GATEWAY,,,499643836.0,False,
GAUDIUMIVF,,,72786884.0,False,
GCSL,,,22639347.0,False,
GAYAHWS,,,239651900.0,False,
GAYAPROJ,,,464299000.0,False,
GEECEE,,,20911729.0,False,
GEMAROMA,,,52237138.0,False,
GEEKAYWIRE,,,104520000.0,False,
GENESYS,,,61248089.0,False,
GENCON,,,56986219.0,False,
GENUSPAPER,,,257125940.0,False,
GENUSPOWER,,,276598765.0,False,
GESHIP,,,142767161.0,False,
GEOJITFSL,,,279122119.0,False,
GFLLIMITED,,,109850000.0,False,
GHCL,,,91664382.0,False,
GHCLTEXTIL,,,95585786.0,False,
GICL,,,111954588.0,False,
GILLANDERS,,,21342346.0,False,
GILLETTE,,,32585217.0,False,
GINNIFILA,,,85650065.0,False,
GICHSGFIN,,,53851066.0,False,
GICRE,,,1754400000.0,False,
GIPCL,,,155215944.0,False,
GKB,,,5040580.0,False,
GKENERGY,,,202817266.0,False,
GKSL,,,78843250.0,False,
GKWLIMITED,,,5966500.0,False,
GLAND,,,164966661.0,False,
GLENMARK,,,282224672.0,False,
GLFL,,,27125767.0,False,
GLOBAL,,,50901500.0,False,
GLAXO,,,169406034.0,False,
GLOBALVECT,,,14000000.0,False,
GLOBALE,,,10620275.0,False,
GLOBE,,,450418788.0,False,
GLOBECIVIL,,,59718999.0,False,
GLOBUSSPR,,,31461293.0,False,
GLOSTERLTD,,,10943260.0,False,
GLOTTIS,,,92403000.0,False,
GMRAIRPORT,,,10558975952.0,False,
GMBREW,,,22846923.0,False,
GMDCLTD,,,318000000.0,False,
GMRP&UI,,,781017529.0,False,
GNA,,,42930800.0,False,
GMMPFAUDLR,,,44957224.0,False,
GNRL,,,,False,
GNFC,,,146940683.0,False,
GOACARBON,,,9151052.0,False,
GOCOLORS,,,52595984.0,False,
GOCLCORP,,,49572490.0,False,
GODAVARIB,,,51175977.0,False,
GODFRYPHLP,,,155981760.0,False,
GODIGIT,,,924499031.0,False,
GODREJCP,,,1023304953.0,False,
GODREJPROP,,,301226497.0,False,
GODREJAGRO,,,192411390.0,False,
GODREJIND,,,336851055.0,False,
GOKUL,,,98995000.0,False,
GOKEX,,,73277628.0,False,
GOLDIAM,,,150557125.0,False,
GOKULAGRO,,,295086716.0,False,
GOLDTECH,,,52373239.0,False,
GOODLUCK,,,99715527.0,False,
GOODYEAR,,,23066507.0,False,
GOPAL,,,124666819.0,False,
GOYALALUM,,,142732780.0,False,
GPIL,,,650597430.0,False,
GPPL,,,483625818.0,False,
GRANULES,,,247796921.0,False,
GPTHEALTH,,,82054823.0,False,
GRADIENTE,,,332400000.0,False,
GPTINFRA,,,126364600.0,False,
GRASIM,,,678252757.0,False,
GRANDOAK,,,,False,
GRAPHITE,,,195375594.0,False,
GRAUWEIL,,,453411500.0,False,
GREAVESCOT,,,232951434.0,False,
GREENLAM,,,255147702.0,False,
GRAVISSHO,,,,False,
GRAVITA,,,72836912.0,False,
GREENPANEL,,,122627395.0,False,
GREENPLY,,,124902045.0,False,
GREENPOWER,,,1173031669.0,False,
GRINFRA,,,96760529.0,False,
GRINDWELL,,,110720000.0,False,
GRMOVER,,,207523860.0,False,
GROBTEA,,,1162330.0,False,
GRPLTD,,,5333332.0,False,
GRWRHITECH,,,23232394.0,False,
GRSE,,,114552000.0,False,
GSLSU,,,42381818.0,False,
GROWW,,,6191576922.0,False,
GSFC,,,398477530.0,False,
GSPCROP,,,46518750.0,False,
GSS,,,25806843.0,False,
GTECJAINX,,,10189098.0,False,
GTL,,,157296781.0,False,
GTLINFRA,,,12809111895.0,False,
GTPL,,,112463038.0,False,
GUFICBIO,,,100282506.0,False,
GUJALKALI,,,73436928.0,False,
GUJAPOLLO,,,12970000.0,False,
GUJENERGY,,,938230849.0,False,
GUJRAFFIA,,,,False,
GUJTHEM,,,109162644.0,False,
GULFOILLUB,,,49516775.0,False,
GULPOLY,,,62183424.0,False,
GVPTECH,,,164878778.0,False,
GVKPIL,,,1579210400.0,False,
GULFPETRO,,,50984383.0,False,
GVPIL,,,67227471.0,False,
HAL,,,668775000.0,False,
GVT&D,,,256046535.0,False,
HALDER,,,12438135.0,False,
GYFTR,,,76808250.0,False,
HALDYNGL,,,,False,
HALEOSLABS,,,3023287.0,False,
HAMPTON,,,,False,
HAPPSTMNDS,,,150261936.0,False,
HAPPYFORGE,,,94378734.0,False,
HARIOMPIPE,,,30967289.0,False,
HARRMALAYA,,,18455405.0,False,
HARDWYN,,,683807676.0,False,
HARSHA,,,91044105.0,False,
HAVELLS,,,627561652.0,False,
HATHWAY,,,1770104500.0,False,
HATSUN,,,222748268.0,False,
HAVISHA,,,153535800.0,False,
HAWKINCOOK,,,5287815.0,False,
HAZOOR,,,288172000.0,False,
HBESD,,,,False,
HBLENGINE,,,277194946.0,False,
HBPOR,,,,False,
HBSL,,,7137665.0,False,
HCC,,,2619468062.0,False,
HCLTECH,,,2705766714.0,False,
HCG,,,149302203.0,False,
HDFCAMC,,,428810534.0,False,
HDFCBANK,,,15411000562.0,False,
HCL-INSYS,,,329209928.0,False,
HDFCLIFE,,,2171935147.0,False,
HDBFS,,,828454614.0,False,
HEADSUP,,,22082609.0,False,
HEALTHX,,,31810500.0,False,
HEG,,,192977530.0,False,
HECPROJECT,,,10838160.0,False,
HEIDELBERG,,,226631309.0,False,
HEROMOTOCO,,,200141207.0,False,
HEMIPROP,,,285124736.0,False,
HERANBA,,,40013467.0,False,
HERITGFOOD,,,92796000.0,False,
HESTERBIO,,,8506865.0,False,
HEXAGON,,,122918109.0,False,
HFCL,,,1530263663.0,False,
HEXATRADEX,,,55244704.0,False,
HEXT,,,609791999.0,False,
HGM,,,12594972.0,False,
HGINFRA,,,65171111.0,False,
HIKAL,,,123300750.0,False,
HGS,,,46520285.0,False,
HILTON,,,51466551.0,False,
HINDALCO,,,2219837078.0,False,
HILINFRA,,,71720632.0,False,
HINDADH,,,,False,
HIMATSEIDE,,,125742289.0,False,
HINDALUMI,,,,False,
HINDCOPPER,,,967024020.0,False,
HINDCOMPOS,,,14769000.0,False,
HINDPETRO,,,2127822517.0,False,
HINDCON,,,51190625.0,False,
HINDUNILVR,,,2349591262.0,False,
HINDZINC,,,4225319000.0,False,
HINDOILEXP,,,132243289.0,False,
HINDWAREAP,,,83646357.0,False,
HIRECT,,,34372239.0,False,
HISARMETAL,,,5400000.0,False,
HITECH,,,202710234.0,False,
HITECHGEAR,,,18820044.0,False,
HITECHCORP,,,17175700.0,False,
HLEGLAS,,,69454739.0,False,
HLVLTD,,,659259899.0,False,
HNDFDS,,,121162702.0,False,
HMAAGRO,,,500769770.0,False,
HOMEFIRST,,,104559461.0,False,
HMVL,,,73514821.0,False,
HONASA,,,326024216.0,False,
HONAUT,,,8847359.0,False,
HONDAPOWER,,,10143071.0,False,
HORIZONIND,,,2882902834.0,False,
HPAL,,,91874735.0,False,
HPIL,,,11424110.0,False,
HPL,,,64300486.0,False,
HRYNSHP,,,,False,
HUDCO,,,2001900000.0,False,
HSCL,,,504574175.0,False,
HTMEDIA,,,231320042.0,False,
HUBTOWN,,,142100657.0,False,
HYBRIDFIN,,,29436275.0,False,
HUHTAMAKI,,,75521934.0,False,
HYUNDAI,,,812541100.0,False,
ICDSLTD,,,13026700.0,False,
ICEMAKE,,,15779736.0,False,
ICICIBANK,,,7173276961.0,False,
IBULLSLTD,,,2241202216.0,False,
ICICIGI,,,499598582.0,False,
ICICIPRULI,,,1449752494.0,False,
ICICIAMC,,,494258520.0,False,
IDEA,,,108343035001.0,False,
IDFCFIRSTB,,,8621709523.0,False,
ICIL,,,198054340.0,False,
IEX,,,889727189.0,False,
ICRA,,,9625105.0,False,
IDBI,,,10752402175.0,False,
IDEAFORGE,,,49708506.0,False,
IFBAGRO,,,9367111.0,False,
IFBIND,,,40518796.0,False,
IGARASHI,,,31475048.0,False,
IFGLEXPOR,,,72078624.0,False,
IFCI,,,2694314331.0,False,
IGCL,,,63223997.0,False,
IGL,,,1400001600.0,False,
IIFL,,,425289575.0,False,
IGIL,,,432159696.0,False,
IITL,,,22547550.0,False,
IGPL,,,30794850.0,False,
IIFLCAPS,,,315178863.0,False,
IKS,,,167757449.0,False,
IKIO,,,77280701.0,False,
IMAGICAA,,,565873947.0,False,
IMPAL,,,12480000.0,False,
INA,,,220451875.0,False,
IMFA,,,53954106.0,False,
INCREDIBLE,,,46763750.0,False,
INDHOTEL,,,1446605715.0,False,
INDGN,,,240807964.0,False,
INDBANK,,,44378200.0,False,
INDIANB,,,1346963981.0,False,
INDIACEM,,,464845219.0,False,
INDIAGLYCO,,,67026765.0,False,
INDIAMART,,,601426988.0,False,
INDIANCARD,,,5941120.0,False,
INDIGO,,,386666597.0,False,
INDIANHUME,,,52681770.0,False,
INDIASHLTR,,,108966713.0,False,
INDIGOPNTS,,,47732637.0,False,
INDIQUBE,,,211997635.0,False,
INDNIPPON,,,22621424.0,False,
INDOAMIN,,,72587560.0,False,
INDOCO,,,92173705.0,False,
INDOBORAX,,,32090000.0,False,
INDOFARM,,,48051600.0,False,
INDOKEM,,,,False,
INDOMIM,,,494480907.0,False,
INDOSTAR,,,161655404.0,False,
INDORAMA,,,261113151.0,False,
INDOTECH,,,10620000.0,False,
INDOUS,,,20052000.0,False,
INDOWIND,,,161002170.0,False,
INDOTHAI,,,128618190.0,False,
INDPRUD,,,,False,
INDRAMEDCO,,,91673000.0,False,
INDUSTOWER,,,2637202542.0,False,
INDUSINDBK,,,779140552.0,False,
INDTERRAIN,,,50667367.0,False,
INDSWFTLAB,,,86836558.0,False,
INFY,,,4050123578.0,False,
INFOBEAN,,,96959440.0,False,
INFOMEDIA,,,50194172.0,False,
INGERRAND,,,31568000.0,False,
INNOVACAP,,,57224929.0,False,
INNOVISION,,,23813294.0,False,
INNOVANA,,,20660000.0,False,
INOXGREEN,,,401492045.0,False,
INOXWIND,,,1728237822.0,False,
INOXINDIA,,,90763500.0,False,
INSECTICID,,,29097837.0,False,
INSPIRISYS,,,39616873.0,False,
INTELLECT,,,139324312.0,False,
INTERARCH,,,16817032.0,False,
INTLCONV,,,63781000.0,False,
INTENTECH,,,23356353.0,False,
IOC,,,14121238383.0,False,
INVENTURE,,,1050000000.0,False,
INVPRECQ,,,,False,
IPCALAB,,,253704218.0,False,
IOB,,,19256589795.0,False,
IOLCP,,,293527510.0,False,
IONEXCHANG,,,122930450.0,False,
IRB,,,12078000000.0,False,
IRCTC,,,800000000.0,False,
IREDA,,,2809231268.0,False,
IPL,,,115163508.0,False,
IPRINGLTD,,,12675865.0,False,
IRFC,,,13068506000.0,False,
IRCON,,,940515740.0,False,
ISFT,,,16311678.0,False,
IRMENERGY,,,41059677.0,False,
IRISDOREME,,,170678411.0,False,
IRIS,,,20568247.0,False,
ISHANCH,,,27327529.0,False,
ISGEC,,,73529510.0,False,
ITC,,,12529782031.0,False,
ISTLTD,,,,False,
ITCHOTELS,,,2083005769.0,False,
ITI,,,962851967.0,False,
ITDC,,,85769400.0,False,
ITL,,,,False,
IVALUE,,,54630380.0,False,
IVC,,,314032740.0,False,
IXIGO,,,441044262.0,False,
IWP,,,,False,
IZMO,,,14980321.0,False,
IVP,,,10326263.0,False,
JAGRAN,,,217654272.0,False,
J&KBANK,,,1101182463.0,False,
JAGSNPHARM,,,65929470.0,False,
JAIBALAJI,,,912251430.0,False,
JAICORPLTD,,,175504995.0,False,
JAINREC,,,345085814.0,False,
JAIPURKURT,,,17261606.0,False,
JASH,,,62905120.0,False,
JAMNAAUTO,,,399846000.0,False,
JARO,,,22270387.0,False,
JAYAGROGN,,,30000000.0,False,
JAYBARMARU,,,108250000.0,False,
JAYKAY,,,130287066.0,False,
JAYNECOIND,,,970998244.0,False,
JBMA,,,236494264.0,False,
JAYSREETEA,,,28877488.0,False,
JENBURPH,,,,False,
JETFREIGHT,,,46403784.0,False,
JINDALSTEL,,,1017488097.0,False,
JGCHEM,,,39186063.0,False,
JHS,,,87405767.0,False,
JINDALPHOT,,,10297466.0,False,
JINDALSAW,,,637621094.0,False,
JIOFIN,,,6603141623.0,False,
JINDALPOLY,,,43786413.0,False,
JINDWORLD,,,1002602000.0,False,
JINDRILL,,,28981104.0,False,
JISLDVREQS,,,733510251.0,False,
JKCEMENT,,,77268251.0,False,
JISLJALEQS,,,733510251.0,False,
JITFINFRA,,,25703706.0,False,
JKIPL,,,38386000.0,False,
JKIL,,,75665506.0,False,
JKLAKSHMI,,,124144426.0,False,
JKTYRE,,,288289511.0,False,
JLHL,,,327830110.0,False,
JKPAPER,,,181318771.0,False,
JMA,,,22841054.0,False,
JMFINANCIL,,,956959936.0,False,
JNKINDIA,,,55953915.0,False,
JNPR,,,568998442.0,False,
JOCIL,,,8881150.0,False,
JPPOWER,,,6853458827.0,False,
JPOLYINVST,,,10511929.0,False,
JSFB,,,105752539.0,False,
JSL,,,823949824.0,False,
JSWENERGY,,,1832372944.0,False,
JSLL,,,124300730.0,False,
JSWCEMENT,,,1350345020.0,False,
JSWSTEEL,,,2440826972.0,False,
JSWHL,,,11098438.0,False,
JSWINFRA,,,2315161753.0,False,
JTEKTINDIA,,,277396890.0,False,
JSWDULUX,,,45540314.0,False,
JUBLFOOD,,,657674557.0,False,
JTLIND,,,393081630.0,False,
JUBLCPL,,,15152493.0,False,
JUBLINGREA,,,157716549.0,False,
JUBLPHARMA,,,158387168.0,False,
JUNIPER,,,222502384.0,False,
JUSTDIAL,,,85049032.0,False,
JWL,,,427370389.0,False,
JYOTHYLAB,,,367214511.0,False,
JYOTICNC,,,227423096.0,False,
JYOTIRES,,,,False,
JYOTISTRUC,,,1193659937.0,False,
KABRAEXTRU,,,34972836.0,False,
KAKATCEM,,,7773858.0,False,
KAJARIACER,,,157143050.0,False,
KALAMANDIR,,,147349967.0,False,
KALPATARU,,,205922093.0,False,
KALYANI,,,1000000.0,False,
KALYANKJIL,,,1032750972.0,False,
KALYANIFRG,,,3638000.0,False,
KAMAHOLD,,,,False,
KAMANWALA,,,,False,
KAMDHENU,,,281883000.0,False,
KAMATHOTEL,,,29480072.0,False,
KANANIIND,,,197868000.0,False,
KAMOPAINTS,,,329000000.0,False,
KANCHI,,,,False,
KANCOTEA,,,,False,
KANORICHEM,,,43693333.0,False,
KAPSTON,,,30432184.0,False,
KARMAENG,,,11569918.0,False,
KANPRPLA,,,24478958.0,False,
KANSAINER,,,808778779.0,False,
KAYNES,,,67222491.0,False,
KARURVYSYA,,,966667248.0,False,
KAUSHALYA,,,346306.0,False,
KAYA,,,15187609.0,False,
KAVDEFENCE,,,60124260.0,False,
KCP,,,128921160.0,False,
KCPSUGIND,,,114282557.0,False,
KDDL,,,12299280.0,False,
KEC,,,266200000.0,False,
KECL,,,66414071.0,False,
KEI,,,95600595.0,False,
KELLTONTEC,,,531404670.0,False,
KEEPLEARN,,,155712083.0,False,
KENNAMET,,,21978240.0,False,
KFINTECH,,,172872079.0,False,
KESORAMIND,,,310663663.0,False,
KEYFINSERV,,,5566637.0,False,
KERNEX,,,16803622.0,False,
KHADIM,,,18378382.0,False,
KHAICHEM,,,96989200.0,False,
KHAITANLTD,,,5020918.0,False,
KHANDSE,,,15253805.0,False,
KICL,,,4365306.0,False,
KILITCH,,,34961564.0,False,
KIMS,,,400138935.0,False,
KIRANVYPAR,,,,False,
KIOCL,,,607751097.0,False,
KIRIINDUS,,,65168000.0,False,
KIRLFER,,,164992384.0,False,
KIRLOSBROS,,,79408926.0,False,
KINGFA,,,13551381.0,False,
KIRLOSENG,,,145519854.0,False,
KIRLOSIND,,,10509580.0,False,
KIRLPNU,,,129926380.0,False,
KITEX,,,199500000.0,False,
KJMCFIN,,,,False,
KISSHT,,,168483022.0,False,
KKCL,,,61625185.0,False,
KLBRENG-B,,,,False,
KMCSHIL,,,163085000.0,False,
KMEW,,,24600000.0,False,
KNACK,,,122365164.0,False,
KMSUGAR,,,92000170.0,False,
KNAGRI,,,24998910.0,False,
KNRCON,,,281234600.0,False,
KOHINOOR,,,37071530.0,False,
KOTAKBANK,,,9947656028.0,False,
KOKUYOCMLN,,,100303806.0,False,
KOLTEPATIL,,,88680094.0,False,
KOPRAN,,,48285605.0,False,
KOTIC,,,,False,
KOTHARIPRO,,,59687730.0,False,
KOTARISUG,,,82888581.0,False,
KOTHARIPET,,,58846400.0,False,
KOVAI,,,10942262.0,False,
KOTYARK,,,113070276.0,False,
KPITTECH,,,272227219.0,False,
KPIGREEN,,,197671968.0,False,
KPEL,,,67798099.0,False,
KPL,,,,False,
KPRMILL,,,342522549.0,False,
KPIL,,,170772546.0,False,
KRBL,,,228889892.0,False,
KREBSBIO,,,21560586.0,False,
KRIDHANINF,,,99579205.0,False,
KRISHANA,,,309138000.0,False,
KRISHIVAL,,,25628301.0,False,
KRISHNADEF,,,14933388.0,False,
KRITI,,,52696000.0,False,
KRITIKA,,,266280000.0,False,
KRN,,,65458486.0,False,
KRONOX,,,37104000.0,False,
KROSS,,,64509422.0,False,
KRSNAA,,,32438672.0,False,
KRITINUT,,,50103520.0,False,
KRYSTAL,,,13971952.0,False,
KSB,,,174039220.0,False,
KSE,,,32000000.0,False,
KSCL,,,51040869.0,False,
KSHINTL,,,67755700.0,False,
KSHITIJPOL,,,89000476.0,False,
KSHITIJ-RE,,,,False,
KSR,,,18378382.0,False,
KSL,,,43759380.0,False,
KSOLVES,,,23720400.0,False,
KTKBANK,,,378181562.0,False,
KUANTUM,,,87263630.0,False,
KUSUMGAR,,,,False,
LADDERUP,,,,False,
LAGNAM,,,17669000.0,False,
LAHOTIOV,,,,False,
LAKSHMIMIL,,,,False,
LAL,,,172736551.0,False,
KWIL,,,2349591263.0,False,
LALITHAA,,,559709811.0,False,
LALPATHLAB,,,166977774.0,False,
LAMBODHARA,,,10377600.0,False,
LANCER,,,371782236.0,False,
LANCORHOL,,,73550560.0,False,
LANDMARK,,,41464910.0,False,
LAOPALA,,,111000000.0,False,
LANDSMILL,,,1410695055.0,False,
LASA,,,50101239.0,False,
LASERPOWER,,,140368342.0,False,
LAURUSLABS,,,540312218.0,False,
LATENTVIEW,,,206924980.0,False,
LATTEYS,,,57495825.0,False,
LAXMICOT,,,17147670.0,False,
LAXMIDENTL,,,55021509.0,False,
LCCINFOTEC,,,126593350.0,False,
LAXMIINDIA,,,52393078.0,False,
LEAPIND,,,440536458.0,False,
LCL,,,52285700.0,False,
LEENEE,,,,False,
LEMERITE,,,24360000.0,False,
LENSKART,,,1732025737.0,False,
LEMONTREE,,,791847623.0,False,
LFIC,,,3000000.0,False,
LEXUS,,,20190724.0,False,
LGBBROSLTD,,,31896872.0,False,
LGEINDIA,,,678772392.0,False,
LGHL,,,50092560.0,False,
LIBAS,,,26344580.0,False,
LICHSGFIN,,,550063000.0,False,
LICI,,,6324997701.0,False,
LIBERTSHOE,,,17040000.0,False,
LIKHITHA,,,39472710.0,False,
LINC,,,59505603.0,False,
LINCOLN,,,20029728.0,False,
LKPSEC,,,,False,
LINDEINDIA,,,85284223.0,False,
LODHA,,,998927026.0,False,
LLOYDSENGG,,,1549557859.0,False,
LLOYDSENT,,,1526551945.0,False,
LLOYDSME,,,562589673.0,False,
LMW,,,10683000.0,False,
LOKESHMACH,,,21796770.0,False,
LORDSCHLO,,,28653861.0,False,
LOTUSCHO,,,,False,
LOTUSDEV,,,488723710.0,False,
LOTUSEYE,,,21257465.0,False,
LOVABLE,,,14800000.0,False,
LTF,,,2506045818.0,False,
LT,,,1375866086.0,False,
LPDC,,,134143160.0,False,
LTTS,,,106068593.0,False,
LOYALTEX,,,4816446.0,False,
LTM,,,296461217.0,False,
LUPIN,,,457265861.0,False,
LUMAXIND,,,9347732.0,False,
LUMAXTECH,,,68157705.0,False,
LTFOODS,,,347252944.0,False,
M&M,,,1200762264.0,False,
LXCHEM,,,277914693.0,False,
LYKALABS,,,36152711.0,False,
LUXIND,,,30071681.0,False,
M&MFIN,,,1389583700.0,False,
MAANALU,,,59984864.0,False,
MACPOWER,,,10004160.0,False,
MADHAV,,,8947000.0,False,
MADHAVIPL,,,,False,
MAFATIND,,,72178930.0,False,
MADHUCON,,,73794940.0,False,
MADRASFERT,,,161101300.0,False,
MAGADSUGAR,,,14091630.0,False,
MAGNUM,,,68411317.0,False,
MAHABANK,,,7691554950.0,False,
MAHAPEXLTD,,,28183792.0,False,
MAHASTEEL,,,16434400.0,False,
MAHEPC,,,28077040.0,False,
MAHLOG,,,99277402.0,False,
MAHLIFE,,,213584349.0,False,
MAHESHWARI,,,29597200.0,False,
MAHSCOOTER,,,11428568.0,False,
MAHSEAMLES,,,133999252.0,False,
MAITHANALL,,,29111550.0,False,
MALLCOM,,,6240000.0,False,
MAKERSL,,,5900376.0,False,
MAJESAUT,,,10397478.0,False,
MAMATA,,,24607800.0,False,
MALUPAPER,,,17474505.0,False,
MANAKALUCO,,,65534050.0,False,
MANAKCOAT,,,106634050.0,False,
MANAPPURAM,,,939336102.0,False,
MANAKSIA,,,65534050.0,False,
MANAKSTEEL,,,65534050.0,False,
MANALIPETC,,,171999229.0,False,
MANBA,,,50239410.0,False,
MANBRO,,,101510500.0,False,
MANGALAM,,,15828248.0,False,
MANGLMCEM,,,27497298.0,False,
MANINDS,,,75009571.0,False,
MANCREDIT,,,21113986.0,False,
MANKIND,,,412995978.0,False,
MANIPALHOS,,,1315377202.0,False,
MANOMAY,,,18048735.0,False,
MANINFRA,,,403666505.0,False,
MANORAMA,,,63122390.0,False,
MANORG,,,8564440.0,False,
MANUGRAPH,,,31337300.0,False,
MARICO,,,1296176456.0,False,
MANYAVAR,,,242977245.0,False,
MAPMYINDIA,,,54761056.0,False,
MARALOVER,,,41508000.0,False,
MARATHON,,,67444551.0,False,
MARINE,,,132665250.0,False,
MARUTI,,,314402574.0,False,
MARKOLINES,,,22040920.0,False,
MARSONS,,,172100000.0,False,
MARKSANS,,,453163746.0,False,
MASFIN,,,181453377.0,False,
MASKINVEST,,,3051500.0,False,
MASTEK,,,31002407.0,False,
MASTERTR,,,123016000.0,False,
MAXHEALTH,,,973276486.0,False,
MATRIMONY,,,20673393.0,False,
MAXESTATES,,,163513410.0,False,
MAZDOCK,,,403380000.0,False,
MAWANASUG,,,39116864.0,False,
MAYURUNIQ,,,43452600.0,False,
MAZDA,,,20025000.0,False,
MAXIND,,,56202456.0,False,
MBEL,,,57160718.0,False,
MBAPL,,,438134700.0,False,
MBLINFRA,,,155879256.0,False,
MCCHRLS-B,,,,False,
MCL,,,27142800.0,False,
MCX,,,254514090.0,False,
MCLEODRUSS,,,104455735.0,False,
MCLOUD,,,589067120.0,False,
MEDANTA,,,268718832.0,False,
MEDICAMEQ,,,13562815.0,False,
MEDICAPQ,,,,False,
MEDICO,,,82984000.0,False,
MEDIASSIST,,,74701842.0,False,
MEDPLUS,,,120087613.0,False,
MEESHO,,,4624868382.0,False,
MEGASTAR,,,11293700.0,False,
MEIL,,,27630124.0,False,
MENNPIS,,,,False,
MENONBE,,,56040000.0,False,
MERCANTILE,,,,False,
MERCURYEV,,,189973058.0,False,
METROGLOBL,,,12334375.0,False,
MFSL,,,343298749.0,False,
METROPOLIS,,,207387568.0,False,
MGL,,,98777779.0,False,
METROBRAND,,,272592741.0,False,
MFML,,,10620275.0,False,
MGEL,,,329555600.0,False,
MHLXMIRU,,,10620275.0,False,
MICEL,,,241011560.0,False,
MIDHANI,,,187340000.0,False,
MHRIL,,,201676778.0,False,
MIDWESTLTD,,,36160816.0,False,
MIIL,,,,False,
MILKYMIST,,,,False,
MINALIND,,,,False,
MINDACORP,,,235360911.0,False,
MINDTECK,,,31954221.0,False,
MIRZAINT,,,138201900.0,False,
MITCON,,,17679822.0,False,
MITTAL,,,443900775.0,False,
MKPL,,,377227216.0,False,
MLKFOOD,,,,False,
MKEXIM,,,,False,
MMFL,,,48281600.0,False,
MMP,,,25402613.0,False,
MMTC,,,1500000000.0,False,
MOBIKWIK,,,78746917.0,False,
MODINATUR,,,13306397.0,False,
MMWL,,,1132742219.0,False,
MODIRUBBER,,,25040532.0,False,
MODIS,,,19591200.0,False,
MODISONLTD,,,32450000.0,False,
MOHITE,,,200997000.0,False,
MODTHREAD,,,34775160.0,False,
MOHITIND,,,14157575.0,False,
MOIL,,,203485211.0,False,
MOKSH,,,83748968.0,False,
MOLDTKPAC,,,33228914.0,False,
MOL,,,254314211.0,False,
MOLBIO,,,115239996.0,False,
MOLDTECH,,,28805118.0,False,
MONARCH,,,79308338.0,False,
MONEYBOXX,,,69809200.0,False,
MOTHERSON,,,10531231231.0,False,
MONTECARLO,,,20732064.0,False,
MOSCHIP,,,194850546.0,False,
MOTILALOFS,,,602323233.0,False,
MOREPENLAB,,,547953699.0,False,
MOTISONS,,,1137506600.0,False,
MPHASIS,,,190817050.0,False,
MOTOGENFIN,,,39017730.0,False,
MRF,,,4241143.0,False,
MPDL,,,,False,
MPSLTD,,,16975533.0,False,
MRPL,,,1752598777.0,False,
MSL,,,,False,
MSPL,,,566796645.0,False,
MSTCLTD,,,70400000.0,False,
MTARTECH,,,30759591.0,False,
MSUMI,,,6631661898.0,False,
MTEDUCARE,,,72228054.0,False,
MUFIN,,,198162188.0,False,
MUFTI,,,65394103.0,False,
MTNL,,,630000000.0,False,
MUKANDLTD,,,144495563.0,False,
MUKKA,,,300000000.0,False,
MUKESHB,,,6970900.0,False,
MUKTAARTS,,,22585200.0,False,
MUNJALAU,,,100000000.0,False,
MUTHOOTFIN,,,401468476.0,False,
MURUDCERA,,,60545260.0,False,
MUNJALSHOW,,,39995000.0,False,
MUTHOOTCAP,,,16447533.0,False,
MVELECTRO,,,27282728.0,False,
MVGJL,,,48847441.0,False,
MUTHOOTMF,,,167766677.0,False,
MWL,,,297006740.0,False,
MYSORPETRO,,,,False,
NACLIND,,,234243330.0,False,
NAGREEKCAP,,,12615300.0,False,
NAGREEKEXP,,,31249250.0,False,
NAHARINDUS,,,43205581.0,False,
NAHARCAP,,,16746167.0,False,
NAHARPOLY,,,24587991.0,False,
NAHARSPING,,,36065303.0,False,
NAM-INDIA,,,639781566.0,False,
NATIONALUM,,,1836631787.0,False,
NARMADA,,,75872798.0,False,
NATCAPSUQ,,,10411154.0,False,
NATHBIOGEN,,,19030423.0,False,
NAUKRI,,,647737579.0,False,
NAVINFLUOR,,,51308114.0,False,
NATCOPHARM,,,182380000.0,False,
NAVA,,,283312597.0,False,
NATIONSTD,,,,False,
NAVKARURB,,,1122090422.0,False,
NAVKARCORP,,,150519181.0,False,
NBCC,,,2700000000.0,False,
NAVNETEDUL,,,221213181.0,False,
NAZARA,,,384696024.0,False,
NCC,,,627846588.0,False,
NBIFIN,,,2954850.0,False,
NCLIND,,,45232790.0,False,
NDGL,,,1000000.0,False,
NDL,,,1441471680.0,False,
NDRAUTO,,,23855240.0,False,
NDLVENTURE,,,33671621.0,False,
NDTV,,,112824717.0,False,
NEAGI,,,,False,
NECCLTD,,,104500000.0,False,
NECLIFE,,,194260970.0,False,
NELCAST,,,87243660.0,False,
NESTLEIND,,,1928314320.0,False,
NELCO,,,22818400.0,False,
NESCO,,,70459960.0,False,
NEPHROPLUS,,,100559014.0,False,
NEOGEN,,,27381674.0,False,
NETWORK18,,,1544487688.0,False,
NETWEB,,,59445906.0,False,
NEUEON,,,565445520.0,False,
NEWGEN,,,141159509.0,False,
NEULANDLAB,,,12829889.0,False,
NEXTMEDIA,,,66892908.0,False,
NFL,,,490578400.0,False,
NGIL,,,17815198.0,False,
NHPC,,,10045034805.0,False,
NGLFINE,,,6178024.0,False,
NH,,,203099835.0,False,
NIBE,,,15501773.0,False,
NIACL,,,1648000000.0,False,
NIBL,,,24230650.0,False,
NICCOPAR,,,46800000.0,False,
NIITLTD,,,136993744.0,False,
NIITMTS,,,137814443.0,False,
NILASPACES,,,393889200.0,False,
NILE,,,,False,
NILAINFRA,,,393889200.0,False,
NILKAMAL,,,14972296.0,False,
NIMBSPROJ,,,19318735.0,False,
NINSYS,,,18576000.0,False,
NIRAJ,,,59694340.0,False,
NIPPOBATRY,,,7500000.0,False,
NIRLON,,,90118040.0,False,
NIRAJISPAT,,,600000.0,False,
NITCO,,,240566105.0,False,
NITINSPIN,,,56220000.0,False,
NITIRAJ,,,10251000.0,False,
NMDC,,,8791817550.0,False,
NITTAGELA,,,9079160.0,False,
NIVABUPA,,,1849644703.0,False,
NKIND,,,6009900.0,False,
NLCINDIA,,,1386636609.0,False,
NOCIL,,,167024930.0,False,
NOIDATOLL,,,186195002.0,False,
NORBTEAEXP,,,15544100.0,False,
NORTHARC,,,161640009.0,False,
NOVARTIND,,,24690797.0,False,
NOVAAGRI,,,90019813.0,False,
NRAIL,,,17019100.0,False,
NRL,,,69068996.0,False,
NRBBEARING,,,96922600.0,False,
NPST,,,20863500.0,False,
NSIL,,,5136163.0,False,
NSLNISP,,,2930605850.0,False,
NTPC,,,9696666134.0,False,
NTCIND,,,,False,
NTPCGREEN,,,8426329669.0,False,
NUCLEUS,,,26325306.0,False,
NURECA,,,9998488.0,False,
NYKAA,,,2865089837.0,False,
NUVAMA,,,184218248.0,False,
OBEROIRLTY,,,363602237.0,False,
NUVOCO,,,357156153.0,False,
OAL,,,33653576.0,False,
OFSS,,,87083127.0,False,
OBCL,,,21082790.0,False,
ODIGMA,,,31258450.0,False,
OCCLLTD,,,49950460.0,False,
OIL,,,1626607791.0,False,
ODYCORP,,,,False,
OILCOUNTUB,,,56184530.0,False,
OLAELEC,,,4418680703.0,False,
OLECTRA,,,82080737.0,False,
OMAXAUTO,,,21441202.0,False,
OMAXE,,,183654284.0,False,
OMFREIGHT,,,33675442.0,False,
OMINFRAL,,,96303809.0,False,
OMPOWER,,,,False,
OMNI,,,123666020.0,False,
ONEGLOBAL,,,,False,
ONEPOINT,,,262497155.0,False,
ONGC,,,12580279206.0,False,
ONELIFECAP,,,37360000.0,False,
ONESOURCE,,,114672891.0,False,
ONIDA,,,369527844.0,False,
ONIXSOLAR,,,,False,
ONWARDTEC,,,21939711.0,False,
OPTIEMUS,,,90166450.0,False,
ONMOBILE,,,106321351.0,False,
OPTIFIN,,,,False,
ORBTEXP,,,25620330.0,False,
ORCHASP,,,346425366.0,False,
ORICONENT,,,157989688.0,False,
ORIENTALTL,,,73507265.0,False,
ORCHPHARMA,,,50719105.0,False,
ORIENTBELL,,,14710476.0,False,
ORIENTCEM,,,205459873.0,False,
ORIENTCER,,,119639200.0,False,
ORIENTELEC,,,213390128.0,False,
ORIENTHOT,,,178599180.0,False,
ORIENTLTD,,,10000000.0,False,
ORIENTTECH,,,45805916.0,False,
ORIENTPPR,,,212185502.0,False,
ORIRAIL,,,67059000.0,False,
ORISSAMINE,,,6000000.0,False,
ORKLAINDIA,,,136989231.0,False,
ORTINGLOBE,,,8131392.0,False,
OSWALAGRO,,,134546950.0,False,
OSIAHYPER,,,164573900.0,False,
OSWALGREEN,,,256809160.0,False,
PACEDIGITK,,,215851327.0,False,
PAGEIND,,,11153874.0,False,
OSWALPUMPS,,,114004897.0,False,
OSWALSEEDS,,,91470000.0,False,
PACIFICI,,,,False,
PAISALO,,,914149114.0,False,
PALASHSECU,,,10003102.0,False,
PANACEABIO,,,61250746.0,False,
PALREDTEC,,,12232566.0,False,
PANACHE,,,15228000.0,False,
PANAMAPET,,,60493598.0,False,
PAKKA,,,47668100.0,False,
PANCHMAHQ,,,,False,
PANORAMA,,,,False,
PANSARI,,,17446800.0,False,
PARADEEP,,,1038520250.0,False,
PARACABLES,,,327239473.0,False,
PAR,,,12304636.0,False,
PARAGMILK,,,126508539.0,False,
PARAS,,,80587330.0,False,
PARASPETRO,,,334221000.0,False,
PARKHOSPS,,,431930865.0,False,
PARKHOTELS,,,213374246.0,False,
PATANJALI,,,1087879698.0,False,
PARNAXLAB,,,,False,
PARSVNATH,,,435181170.0,False,
PASHUPATI,,,157840000.0,False,
PASUPTAC,,,89133121.0,False,
PATELENG,,,955047697.0,False,
PAYTM,,,641133110.0,False,
PATELRMART,,,33400528.0,False,
PAUSHAKLTD,,,24656912.0,False,
PAVNAIND,,,139530000.0,False,
PATINTLOG,,,58785746.0,False,
PBMPOLY,,,,False,
PCBL,,,393462604.0,False,
PCJEWELLER,,,9741084855.0,False,
PDMJEPAPER,,,94950000.0,False,
PDSL,,,141237401.0,False,
PEARLPOLY,,,16834932.0,False,
PENIND,,,135496231.0,False,
PERSISTENT,,,156231044.0,False,
PETRONET,,,1500000088.0,False,
PFC,,,3300101760.0,False,
PENINLAND,,,331728220.0,False,
PERMAGN,,,,False,
PFS,,,642283335.0,False,
PFOCUS,,,778773880.0,False,
PGEL,,,286496708.0,False,
PFIZER,,,45747732.0,False,
PGHH,,,32460736.0,False,
PHOENIXLTD,,,357663719.0,False,
PIDILITIND,,,1017879688.0,False,
PIIND,,,151706138.0,False,
PHOENXINTL,,,,False,
PICCADIL,,,98569416.0,False,
PGIL,,,46190542.0,False,
PGHL,,,16599382.0,False,
PIGL,,,21168900.0,False,
PILANIINVS,,,11072250.0,False,
PINELABS,,,1153858090.0,False,
PIONEEREMB,,,30815442.0,False,
PILITA,,,235000000.0,False,
PIONRINV,,,,False,
PIRAMALFIN,,,226004925.0,False,
PITTIENG,,,36913588.0,False,
PKTEA,,,3095879.0,False,
PLASTIBLEN,,,25989200.0,False,
PLATIND,,,56650872.0,False,
PLAZACABLE,,,43752078.0,False,
PIXTRANS,,,13625200.0,False,
PNB,,,11492943268.0,False,
PNBHOUSING,,,260803913.0,False,
PML,,,3084000.0,False,
PNBGILTS,,,180010134.0,False,
PNC,,,14467000.0,False,
PNGJL,,,147202585.0,False,
POCL,,,76278198.0,False,
PNGSREVA,,,31698400.0,False,
PNCINFRA,,,256539165.0,False,
PODDARMENT,,,10610000.0,False,
POLYCAB,,,150635053.0,False,
POEL,,,30835393.0,False,
POKARNA,,,31004000.0,False,
POLICYBZR,,,462042002.0,False,
POLYMED,,,101361465.0,False,
POWERGRID,,,9300603819.0,False,
POLYPLEX,,,32588162.0,False,
PONNIERODE,,,8598418.0,False,
POLYSPIN,,,,False,
POWERINDIA,,,44572363.0,False,
POONAWALLA,,,875866912.0,False,
POWERICA,,,126551877.0,False,
PPLPHARMA,,,1325018448.0,False,
POWERMECH,,,31616292.0,False,
PPAP,,,14152987.0,False,
PPL,,,23922227.0,False,
PRABHA,,,146572789.0,False,
PRADPME,,,,False,
PRAENG,,,69935791.0,False,
PRAJIND,,,183813088.0,False,
PRAKASH,,,179081839.0,False,
PRAKASHSTL,,,175000390.0,False,
PRAVEG,,,,False,
PRAXIS,,,185812210.0,False,
PRECAM,,,94985835.0,False,
PRECOT,,,12000000.0,False,
PRECWIRE,,,182807975.0,False,
PREMCO,,,,False,
PREMEXPLN,,,53784143.0,False,
PRESTIGE,,,430730232.0,False,
PREMIERENE,,,451446522.0,False,
PREMIER,,,32025499.0,False,
PREMIERPOL,,,104742475.0,False,
PRICOLLTD,,,121881498.0,False,
PRIMESECU,,,33940325.0,False,
PRIMO,,,242343220.0,False,
PRINCEPIPE,,,110582248.0,False,
PRISMX,,,,False,
PRITI,,,13353329.0,False,
PRITIKAUTO,,,166512667.0,False,
PRIVISCL,,,39062706.0,False,
PROSTARM,,,58874592.0,False,
PROTEAN,,,40621194.0,False,
PROZONER,,,152602883.0,False,
PRSMJOHNSN,,,503356580.0,False,
PRUDENT,,,41406680.0,False,
PRUDMOULI,,,32252000.0,False,
PSPPROJECT,,,39641791.0,False,
PTC,,,296008321.0,False,
PTCIL,,,14992549.0,False,
PTL,,,132377000.0,False,
PVRINOX,,,98199962.0,False,
PSB,,,7095585220.0,False,
PURVA,,,237149686.0,False,
PUNJABCHEM,,,12262185.0,False,
PVP,,,260403681.0,False,
PVSL,,,71198198.0,False,
PWL,,,2900900000.0,False,
PYRAMID,,,36879916.0,False,
QMSMEDI,,,18055299.0,False,
QPOWER,,,77444100.0,False,
QUADFUTURE,,,40000000.0,False,
QUESS,,,149359849.0,False,
QUICKHEAL,,,54258502.0,False,
QUINT,,,,False,
RACE,,,17257200.0,False,
RADAAN,,,54161540.0,False,
RADHIKAJWE,,,118126508.0,False,
RADIANTCMS,,,106707906.0,False,
RACLGEAR,,,11808915.0,False,
RADICO,,,133982398.0,False,
RADIOCITY,,,351344170.0,False,
RAILTEL,,,320938407.0,False,
RAINBOW,,,101450140.0,False,
RAIN,,,336345679.0,False,
RAJMET,,,276480000.0,False,
RAJOOENG,,,178675293.0,False,
RAJPALAYAM,,,9220200.0,False,
RAJRATAN,,,50771000.0,False,
RAJSREESUG,,,33135606.0,False,
RAJTV,,,51913344.0,False,
RALLIS,,,194468890.0,False,
RAJRILTD,,,563089836.0,False,
RAMANEWS,,,150497721.0,False,
RAMAPHO,,,35386426.0,False,
RAMCOCEM,,,236292380.0,False,
RAMBHAJO,,,,False,
RAMASTEEL,,,1636040980.0,False,
RAMCOSYS,,,37596664.0,False,
RAMCOIND,,,86841560.0,False,
RAMKY,,,69197791.0,False,
RAMRAT,,,93349072.0,False,
RANEHOLDIN,,,14277809.0,False,
RANASUG,,,153567820.0,False,
RATEGAIN,,,118395381.0,False,
RATNAMANI,,,70092000.0,False,
RATNAVEER,,,71725603.0,False,
RAYMOND,,,66551431.0,False,
RAYMONDLSL,,,60905789.0,False,
RBLBANK,,,1550108105.0,False,
RAYMONDREL,,,66551431.0,False,
RECLTD,,,2633224000.0,False,
RBA,,,712078330.0,False,
RBZJEWEL,,,40000000.0,False,
RCF,,,551688100.0,False,
RCOM,,,2764432389.0,False,
REDTAPE,,,552807600.0,False,
REGAAL,,,102993860.0,False,
REDINGTON,,,781774431.0,False,
REGENCERAM,,,26441586.0,False,
REFEX,,,137228548.0,False,
RELIANCE,,,13532472635.0,False,
RELAXO,,,248938586.0,False,
RELCHEMQ,,,7543563.0,False,
RELIABLE,,,10320000.0,False,
RELIGARE,,,341233742.0,False,
RELTD,,,198549403.0,False,
REMSONSIND,,,35068103.0,False,
RELINFRA,,,408181194.0,False,
RENUKA,,,2128489773.0,False,
REPCOHOME,,,62561362.0,False,
RESPONIND,,,266608544.0,False,
REPL,,,18122500.0,False,
REPRO,,,14345338.0,False,
RETAIL,,,8204600.0,False,
RGL,,,107396471.0,False,
RHETAN,,,796875000.0,False,
RHL,,,17291696.0,False,
RIIL,,,15100000.0,False,
RICOAUTO,,,135285000.0,False,
RIR,,,,False,
RHIM,,,206501426.0,False,
RISHABH,,,38692572.0,False,
RITCO,,,28470507.0,False,
RITES,,,480603774.0,False,
RKFORGE,,,181808283.0,False,
RKDL,,,24000000.0,False,
RKSWAMY,,,50477241.0,False,
RKEC,,,23990600.0,False,
RMC,,,10576850.0,False,
RMDRIP,,,428228571.0,False,
RML,,,27637137.0,False,
RNBDENIMS,,,285588029.0,False,
ROHLTD,,,27425215.0,False,
ROLLT,,,250130000.0,False,
ROLEXRINGS,,,262333120.0,False,
ROML,,,14988684.0,False,
ROSSARI,,,55394116.0,False,
ROSSELLIND,,,37696475.0,False,
ROSSTECH,,,37840264.0,False,
ROTO,,,188911161.0,False,
RPEL,,,45921950.0,False,
ROUTE,,,63003082.0,False,
RPGLIFE,,,16539015.0,False,
RPOWER,,,4135770966.0,False,
RPPINFRA,,,49585918.0,False,
RPSGVENT,,,33086409.0,False,
RPTECH,,,65899666.0,False,
RPPL,,,73344000.0,False,
RRECL,,,,False,
RRIL,,,,False,
RRKABEL,,,113105505.0,False,
RSDFIN,,,,False,
RSSOFTWARE,,,25831212.0,False,
RSL,,,83567659.0,False,
RSWM,,,47101684.0,False,
RSYSTEMS,,,118495958.0,False,
RTNINDIA,,,1380887604.0,False,
RTNPOWER,,,5370105860.0,False,
RUBFILA,,,54267529.0,False,
RTSPOWR,,,9168500.0,False,
RUBICON,,,165092124.0,False,
RUBYMILLS,,,33440000.0,False,
RUCHINFRA,,,236024942.0,False,
RUCHIRA,,,29844985.0,False,
RUDRA,,,100343828.0,False,
RUPA,,,79544453.0,False,
RUSHIL,,,293416820.0,False,
RVNL,,,2085020100.0,False,
RUSTOMJEE,,,126247473.0,False,
RVHL,,,61325746.0,False,
RVTH,,,3066943.0,False,
SAATVIKGL,,,127105004.0,False,
S&SPOWER,,,12341550.0,False,
SAB,,,,False,
SADBHAV,,,171570800.0,False,
SADBHIN,,,352225216.0,False,
SADHNANIQ,,,3032194385.0,False,
SAGARDEEP,,,17057400.0,False,
SAFARI,,,48997306.0,False,
SAGCEM,,,130707548.0,False,
SAIL,,,4130525289.0,False,
SAGILITY,,,4681328413.0,False,
SAHLIBHFI,,,30888400.0,False,
SAHYADRI,,,10946300.0,False,
SAICAPI,,,,False,
SAILIFE,,,212313616.0,False,
SAIPARENT,,,44179232.0,False,
SAKAR,,,21949910.0,False,
SAKHTISUG,,,119017298.0,False,
SAKSOFT,,,128529193.0,False,
SALASAR,,,1747950290.0,False,
SAKUMA,,,1567718640.0,False,
SALSTEEL,,,144766700.0,False,
SALONA,,,5262400.0,False,
SALZERELEC,,,17682737.0,False,
SAMBHAAV,,,191110840.0,False,
SAMBANDAM,,,,False,
SAMBHV,,,294671429.0,False,
SAMHI,,,222359672.0,False,
SAMMAANCAP,,,1148686844.0,False,
SANATHAN,,,84404059.0,False,
SANDESH,,,7569421.0,False,
SAMPANN,,,51110000.0,False,
SANDHAR,,,60335331.0,False,
SANDUMA,,,486104814.0,False,
SANGAMIND,,,49310016.0,False,
SANGINITA,,,25901550.0,False,
SANGHVIMOV,,,86576000.0,False,
SANSTAR,,,200268407.0,False,
SANSERA,,,62403568.0,False,
SANOFI,,,23030622.0,False,
SANOFICONR,,,23063488.0,False,
SAPPHIRE,,,321757988.0,False,
SAPPL,,,,False,
SARLAPOLY,,,79503000.0,False,
SARDAEN,,,352381270.0,False,
SARVESHWAR,,,1231626469.0,False,
SAREGAMA,,,191959490.0,False,
SASKEN,,,15191491.0,False,
SATIA,,,100000000.0,False,
SATIN,,,109988019.0,False,
SAURASHCEM,,,111287280.0,False,
SAYAJIIND,,,,False,Too Many Requests. Rate limited. Try after a while.
SAYAJIHOTL,,,,False,Too Many Requests. Rate limited. Try after a while.
SBFC,,,,False,Too Many Requests. Rate limited. Try after a while.
SBGLP,,,,False,Too Many Requests. Rate limited. Try after a while.
SBC,,,,False,Too Many Requests. Rate limited. Try after a while.
SBCL,,,,False,Too Many Requests. Rate limited. Try after a while.
SBICARD,,,,False,Too Many Requests. Rate limited. Try after a while.
SBIFUNDS,,,,False,Too Many Requests. Rate limited. Try after a while.
SBIN,,,,False,Too Many Requests. Rate limited. Try after a while.
SCANSTL,,,,False,Too Many Requests. Rate limited. Try after a while.
SBILIFE,,,,False,Too Many Requests. Rate limited. Try after a while.
SCHAEFFLER,,,,False,Too Many Requests. Rate limited. Try after a while.
SCHAND,,,35272192.0,False,
SCHNEIDER,,,239104035.0,False,
SCODATUBES,,,59908900.0,False,
SCILAL,,,465799010.0,False,
SCI,,,465799010.0,False,
SDBL,,,207901312.0,False,
SCPL,,,10500000.0,False,
SEAMECLTD,,,25514016.0,False,
SECURKLOUD,,,33410605.0,False,
SECMARK,,,10960848.0,False,
SEDEMAC,,,44170500.0,False,
SEIL,,,161000000.0,False,
SEJALLTD,,,11724224.0,False,
SEKURITIND,,,,False,
SEMAC,,,3117308.0,False,
SELMC,,,33179236.0,False,
SENORES,,,46053588.0,False,
SEPC,,,1945513391.0,False,
SERVOTECH,,,225845000.0,False,
SENCO,,,163900959.0,False,
SESHAPAPER,,,63068140.0,False,
SETCO,,,134108084.0,False,
SETL,,,199491662.0,False,
SEYAIND,,,29841988.0,False,
SGFIN,,,65895000.0,False,
SFL,,,109203314.0,False,
SGIL,,,15535000.0,False,
SGLRES,,,,False,
SGMART,,,126035200.0,False,
SGL,,,27221797.0,False,
SHADOWFAX,,,586561228.0,False,
SGRL,,,12837620.0,False,
SHAH,,,992374228.0,False,
SHAHALLOYS,,,19797540.0,False,
SHAILY,,,45995248.0,False,
SHAKTIPUMP,,,123397965.0,False,
SHALPAINTS,,,83711178.0,False,
SHALBY,,,107519005.0,False,
SHANKARA,,,24249326.0,False,
SHANTI,,,11106000.0,False,
SHANKESH,,,147031420.0,False,
SHANTIGEAR,,,76740309.0,False,
SHARDACROP,,,90220495.0,False,
SHARDAMOTR,,,57407736.0,False,
SHANTIGOLD,,,72135233.0,False,
SHARDUL,,,87492165.0,False,
SHAREINDIA,,,218825530.0,False,
SHBAJRG,,,9000000.0,False,
SHEKHAWATI,,,34470000.0,False,
SHEMAROO,,,28730299.0,False,
SHERVANI,,,,False,
SHILCTECH,,,11440200.0,False,
SHILGRAVQ,,,,False,
SHILPAMED,,,195581816.0,False,
SHINDL,,,,False,
SHIPROCKET,,,727577587.0,False,
SHIVAAGRO,,,,False,
SHIVACEM,,,,False,
SHIVALIK,,,15792526.0,False,
SHIVAMAUTO,,,132770795.0,False,
SHIVAMILLS,,,8641808.0,False,
SHIVAUM,,,13600400.0,False,
SHIVATEX,,,13739152.0,False,
SHK,,,138420801.0,False,
SHREECEM,,,36080748.0,False,
SHOPERSTOP,,,110205662.0,False,
SHRADDHA,,,,False,
SHRADHA,,,80997568.0,False,
SHREDIGCEM,,,147914278.0,False,
SHREEPUSHK,,,32337691.0,False,
SHREEJISPG,,,162918254.0,False,
SHRIRAMFIN,,,2352983543.0,False,
SHREYANIND,,,13824550.0,False,
SHREERAMA,,,133468005.0,False,
SHRINGARMS,,,96432080.0,False,
SHRIKRISH,,,,False,
SHRIPISTON,,,46386272.0,False,
SHRIRAMPPS,,,170654392.0,False,
SHRJAGP,,,8758000.0,False,
SHYAMCENT,,,212172990.0,False,
SHUKRAPHAR,,,437879440.0,False,
SHYAMMETL,,,278326554.0,False,
SHYAMTEL,,,11446530.0,False,
SIEMENS,,,356120505.0,False,
SICALLOG,,,79784870.0,False,
SICAGEN,,,39571684.0,False,
SIEL,,,,False,
SIGIND,,,29437000.0,False,
SIGMA,,,102774980.0,False,
SIGMAADV,,,176239705.0,False,
SIGACHI,,,382485375.0,False,
SIGNPOST,,,53450000.0,False,
SIKA,,,,False,
SIKKO,,,436800000.0,False,
SIGNATURE,,,140686026.0,False,
SIL,,,64328941.0,False,
SILGO,,,26166746.0,False,
SILINV,,,10595860.0,False,
SILLYMONKS,,,10211300.0,False,
SIMPLEXINF,,,79095346.0,False,
SILVERTUC,,,126810000.0,False,
SIMPLXREA,,,,False,
SINCLAIR,,,51260000.0,False,
SINDHUTRAD,,,1541928780.0,False,
SINTERCOM,,,27527823.0,False,
SINGERIND,,,,False,
SIRCA,,,56932842.0,False,
SIS,,,140921022.0,False,
SJVN,,,3929795175.0,False,
SJS,,,32026654.0,False,
SKFINDUS,,,49437963.0,False,
SKFINDIA,,,49437963.0,False,
SKIPPER,,,112904035.0,False,
SIYSIL,,,45370088.0,False,
SKMEGGPROD,,,52725421.0,False,
SKYGOLD,,,154873884.0,False,
SMARTLINK,,,9975000.0,False,
SMCGLOBAL,,,209400000.0,False,
SMARTWORKS,,,114381076.0,False,
SMLMAH,,,14471646.0,False,
SMLT,,,13689750.0,False,
SMSPHARMA,,,93652030.0,False,
SOLARINDS,,,90490055.0,False,
SNOWMAN,,,167212843.0,False,
SOBHA,,,106953834.0,False,
SOFTTECH,,,13842138.0,False,
SOLARA,,,48250512.0,False,
SOLARWORLD,,,86672654.0,False,
SONACOMS,,,623890650.0,False,
SOMANYCERA,,,41012806.0,False,
SOMATEX,,,33974177.0,False,
SOLEX,,,10802489.0,False,
SOMICONVEY,,,12159368.0,False,
SONAL,,,,False,
SONATSOFTW,,,276794469.0,False,
SONAMLTD,,,40032000.0,False,
SOTL,,,68560415.0,False,
SOUTHBANK,,,2619301068.0,False,
SOUTHWEST,,,32651422.0,False,
SPAL,,,25138883.0,False,
SPANDANA,,,88639506.0,False,
SPARC,,,324521588.0,False,
SPECTRUM,,,15713840.0,False,
SPCENET,,,567736000.0,False,
SPECIALITY,,,48235657.0,False,
SPELS,,,,False,
SPENCERS,,,90132009.0,False,
SPIC,,,203640336.0,False,
SPLIL,,,29353979.0,False,
SPMLINFRA,,,84149923.0,False,
SPLPETRO,,,188041342.0,False,
SRF,,,296406025.0,False,
SPORTKING,,,127270569.0,False,
SRD,,,63966780.0,False,
SREEL,,,23155012.0,False,
SRGHFL,,,15707588.0,False,
SRHHYPOLTD,,,17164821.0,False,
SRIKPRIND,,,,False,
SRM,,,22948529.0,False,
SRTL,,,39975000.0,False,
SSDL,,,39599800.0,False,
STALLION,,,116085738.0,False,
SSWL,,,157265105.0,False,
STANLEY,,,57125663.0,False,
STAR,,,92172715.0,False,
STARCEMENT,,,404180417.0,False,
STARHEALTH,,,588403502.0,False,
STARPAPER,,,15708350.0,False,
STARTECK,,,9910330.0,False,
STEELCAS,,,101200000.0,False,
STCINDIA,,,60000000.0,False,
STEELXIND,,,1275518412.0,False,
STEELCITY,,,15107095.0,False,
STLNETWORK,,,488108515.0,False,
STEL,,,18455405.0,False,
STLSTRINF,,,,False,
STERTOOLS,,,36344426.0,False,
STOVEKRAFT,,,33107321.0,False,
STLTECH,,,513911242.0,False,
STYL,,,161805826.0,False,
STYLEBAAZA,,,76117353.0,False,
STUDDS,,,39353400.0,False,
STYLAMIND,,,16958736.0,False,
SUBEXLTD,,,554855308.0,False,
STYRENIX,,,17596304.0,False,
SUBROS,,,65235750.0,False,
SUDARSCHEM,,,79607576.0,False,
SUDEEPPHRM,,,112948625.0,False,
SUKHJITS,,,31244000.0,False,
SULA,,,84447229.0,False,
SUMEETINDS,,,694749487.0,False,
SUMEDHA,,,,False,
SUMICHEM,,,499145736.0,False,
SUMIT,,,45268753.0,False,
SUMMITSEC,,,10946802.0,False,
SUNCLAY,,,22046162.0,False,
SUNDARAM,,,473877773.0,False,
SUNDARMFIN,,,110217571.0,False,
SUNDRMBRAK,,,3934575.0,False,
SUNDRMFAST,,,210128371.0,False,
SUNPHARMA,,,2399334970.0,False,
SUNDROP,,,37696853.0,False,
SUNFLAG,,,180219448.0,False,
SUNLOC,,,,False,
SUNTV,,,394084620.0,False,
SUNRAKSHAK,,,,False,
SUNSHIEL,,,,False,
SUNSHINE,,,31148784.0,False,
SUNTECK,,,146842025.0,False,
SUPERSPIN,,,56026120.0,False,
SUPERHOUSE,,,11025000.0,False,
SUPREMEIND,,,127081790.0,False,
SUDARCOLOR,,,23081798.0,False,
SUPRAJIT,,,137179346.0,False,
SUPREME,,,38802562.0,False,
SUPREMEINF,,,97502760.0,False,
SUPTANERY,,,107973360.0,False,
SUPRIYA,,,80482800.0,False,
SURAJEST,,,47945921.0,False,
SURAJLTD,,,18364100.0,False,
SURAKSHA,,,52080758.0,False,
SURANASOL,,,49206600.0,False,
SURYALA,,,,False,
SURYALAXMI,,,18805290.0,False,
SURANAT&P,,,135759963.0,False,
SURYAROSNI,,,217635896.0,False,
SURYODAY,,,106296649.0,False,
SUZLON,,,13745782195.0,False,
SUTLEJTEX,,,166017754.0,False,
SUVEN,,,282562686.0,False,
SUYOG,,,11717120.0,False,
SUVIDHAA,,,212778457.0,False,
SVGLOBAL,,,,False,
SVLL,,,11493700.0,False,
SVPGLOB,,,126500000.0,False,
SWANCORP,,,313456886.0,False,
SWANDEF,,,52682150.0,False,
SWARAJ,,,26418260.0,False,
SWARNSAR,,,,False,
SWARAJENG,,,12149865.0,False,
SWIGGY,,,2620001701.0,False,
SWELECTES,,,15536238.0,False,
SWSOLAR,,,233541391.0,False,
SYNGENE,,,402503158.0,False,
SWISSMLTRY,,,,False,
SYMPHONY,,,68671400.0,False,
SYNCOMF,,,940000000.0,False,
SYRMA,,,192624977.0,False,
SYSTMTXC,,,136746784.0,False,
TAALTECH,,,,False,
TAJGVK,,,62701495.0,False,
TAINWALCHM,,,9363863.0,False,
TAKE,,,146224984.0,False,
TALBROAUTO,,,61728150.0,False,
TAMBOLIIN,,,,False,
TANAA,,,,False,
TARACHAND,,,78824900.0,False,
TANLA,,,132050724.0,False,
TARAPUR,,,19500011.0,False,
TARC,,,295096335.0,False,
TARIL,,,300165834.0,False,
TATACHEM,,,254756278.0,False,
TARMAT,,,25064255.0,False,
TARSONS,,,53206281.0,False,
TASTYBITE,,,2566000.0,False,
TATACOMM,,,285085643.0,False,
TATACAP,,,4216692745.0,False,
TATAELXSI,,,62299561.0,False,
TATAPOWER,,,3195339547.0,False,
TATACONSUM,,,989690012.0,False,
TATASTEEL,,,12474316070.0,False,
TATATECH,,,406051830.0,False,
TATAINVEST,,,505952960.0,False,
TBOTEK,,,106783982.0,False,
TATVA,,,23392055.0,False,
TCC,,,,False,
TBZ,,,66730620.0,False,
TCS,,,3618087518.0,False,
TCI,,,76831142.0,False,
TCIEXP,,,38418990.0,False,
TCPLPACK,,,9080905.0,False,
TCIFINANCE,,,12872493.0,False,
TECHM,,,885898127.0,False,
TEAMGTY,,,8993149.0,False,
TDPOWERSYS,,,312456860.0,False,
TEAMLEASE,,,15281400.0,False,
TECHNOCRAF,,,9505000.0,False,
TECHNVISN,,,,False,
TECHNOE,,,116299574.0,False,
TECILCHEM,,,18963770.0,False,
TEGA,,,75127698.0,False,
TEJASNET,,,177707093.0,False,
TEMBO,,,154671460.0,False,
TERAI,,,,False,
TENNIND,,,403604309.0,False,
TEXMOPIPES,,,29195000.0,False,
TEXINFRA,,,127426590.0,False,
TERASOFT,,,12511875.0,False,
TEXRAIL,,,406864572.0,False,
TFCILTD,,,462977240.0,False,
TFL,,,55116194.0,False,
THACKER,,,1087719.0,False,
THAKDEV,,,,False,
TGVSL,,,,False,
TGBHOTELS,,,29286400.0,False,
THEINVEST,,,52242217.0,False,
THANGAMAYL,,,31082021.0,False,
THERMAX,,,112648671.0,False,
THEJO,,,10847454.0,False,
THELEELA,,,333957878.0,False,
THEMISMED,,,92883618.0,False,
THOMASCOTT,,,14761955.0,False,
THOMASCOOK,,,470380562.0,False,
THYROCARE,,,159161691.0,False,
TIINDIA,,,193572320.0,False,
TI,,,247170825.0,False,
TIGERLOGS,,,105725000.0,False,
TICL,,,155000000.0,False,
TIJARIA,,,29015176.0,False,
TIIL,,,22672798.0,False,
TIL,,,82443816.0,False,
TIMETECHNO,,,493635379.0,False,
TIMEX,,,,False,
TIMKEN,,,75218734.0,False,
TINNARUBR,,,18015757.0,False,
TIPSFILMS,,,4322886.0,False,
TIRUMALCHM,,,120552774.0,False,
TIRUPATIFL,,,118523089.0,False,
TITAGARH,,,134673768.0,False,
TIPSMUSIC,,,127831590.0,False,
TITAN,,,887312335.0,False,
TMB,,,158351454.0,False,
TNTELE,,,45681000.0,False,
TNPL,,,69210600.0,False,
TNPETRO,,,89971474.0,False,
TMPV,,,3682891544.0,False,
TMCV,,,3682700304.0,False,
TORNTPOWER,,,503903543.0,False,
TORNTPHARM,,,380367856.0,False,
TOKYOPLAST,,,9501400.0,False,
TOTAL,,,16126974.0,False,
TOLINS,,,39508831.0,False,
TOUCHWOOD,,,11081246.0,False,
TPHQ,,,1096219600.0,False,
TOYAMSL,,,,False,
TPLPLASTEH,,,78003000.0,False,
TRANSCOR,,,,False,
TRANSPEK,,,5585569.0,False,
TRACXN,,,106925031.0,False,
TRANSRAILL,,,134256025.0,False,
TRAVELFOOD,,,131679484.0,False,
TRANSWORLD,,,21957533.0,False,
TREEHOUSE,,,42310724.0,False,
TREJHARA,,,24116754.0,False,
TRENT,,,533232301.0,False,
TRF,,,11004412.0,False,
TREL,,,245695524.0,False,
TRIDENT,,,5095584070.0,False,
TRITONV,,,,False,
TRITURBINE,,,317898459.0,False,
TRIGYN,,,30785736.0,False,
TRU,,,118861871.0,False,
TRIVENI,,,220363016.0,False,
TRUALT,,,85752591.0,False,
TSFINV,,,220691839.0,False,
TTKPRESTIG,,,136966384.0,False,
TTL,,,258310944.0,False,
TTKHLTCARE,,,14130333.0,False,
TTML,,,1954927727.0,False,
TURTLEMINT,,,,False,
TVSMOTOR,,,475226252.0,False,
TUTIALKA,,,,False,
TVSELECT,,,18820065.0,False,
TVSHLTD,,,20232104.0,False,
TVSSCS,,,441180027.0,False,
TVSSRICHAK,,,7657050.0,False,
UBL,,,264405149.0,False,
TVTODAY,,,59668615.0,False,
TVVISION,,,38744500.0,False,
UCOBANK,,,12539558979.0,False,
UCAL,,,22113625.0,False,
UDAYJEW,,,,False,
UEL,,,133397814.0,False,
UFBL,,,39117661.0,False,
UDS,,,67535713.0,False,
ULTRACEMCO,,,294169635.0,False,
UFLEX,,,72211486.0,False,
UGARSUGAR,,,112500000.0,False,
UFO,,,38824757.0,False,
UGROCAP,,,152815503.0,False,
UJJIVANSFB,,,1948540569.0,False,
ULTRAMAR,,,29200000.0,False,
UMESLTD,,,26730911.0,False,
UMIYA-MRO,,,18684602.0,False,
UNICHEMLAB,,,70405750.0,False,
UNIDT,,,20303126.0,False,
UMAEXPORTS,,,33809830.0,False,
UNIECOM,,,112379173.0,False,
UNIONBANK,,,7633605607.0,False,
UNIENTER,,,139091698.0,False,
UNITDSPR,,,710055403.0,False,
UNIINFO,,,10693120.0,False,
UNIMECH,,,50901997.0,False,
UNIPARTS,,,45105313.0,False,
UNITECH,,,2616301047.0,False,
UNITEDPOLY,,,229515500.0,False,
UNITEDTEA,,,4996566.0,False,
UNIVASTU,,,35986770.0,False,
UNIVCABLES,,,34695381.0,False,
UNOMINDA,,,577467206.0,False,
UNIVPHOTO,,,10946604.0,False,
UPL,,,845284163.0,False,
UPHOT,,,,False,
URAVIDEF,,,11400000.0,False,
URBANCO,,,1472540141.0,False,
USK,,,55357142.0,False,
USHAMART,,,304400280.0,False,
URJA,,,557206000.0,False,
UTLSOLAR,,,306901762.0,False,
UTKARSHBNK,,,1779523684.0,False,
UTTAMSUGAR,,,38138120.0,False,
UTIAMC,,,128539028.0,False,
V2RETAIL,,,364637550.0,False,
UYFINCORP,,,190238329.0,False,
VADILALIND,,,7187830.0,False,
VADILENT,,,862668.0,False,
VAKRANGEE,,,1083191807.0,False,
VALIANTLAB,,,54312500.0,False,
VAIBHAVGBL,,,167285085.0,False,
VAISHALI,,,130462130.0,False,
VALIANTORG,,,28034610.0,False,
VAML,,,3904155728.0,False,
VARDHACRLC,,,80363747.0,False,
VARROC,,,152799335.0,False,
VARDMNPOLY,,,483019004.0,False,
VBL,,,3382464894.0,False,
VASCONEQ,,,231697111.0,False,
VASUPRADA,,,,False,
VASWANI,,,32998624.0,False,
VEDL,,,3904801732.0,False,
VCL,,,183752220.0,False,
VEDPOWER,,,3904155728.0,False,
VEDAVAAG,,,,False,
VELJAN,,,,False,
VEEDOL,,,16994860.0,False,
VENKEYS,,,14087336.0,False,
VENTIVE,,,233541609.0,False,
VENUSPIPES,,,20716110.0,False,
VENUSREM,,,13382692.0,False,
VERANDA,,,96350847.0,False,
VESUVIUS,,,202960800.0,False,
VERTOZ,,,85230000.0,False,
VETO,,,19114956.0,False,
VGCL,,,22907380.0,False,
VGUARD,,,436891055.0,False,
VHL,,,3191536.0,False,
VGL,,,51528678.0,False,
VHLTD,,,71662928.0,False,
VIDHIING,,,49945000.0,False,
VIDYAWIRES,,,212692307.0,False,
VIJAYA,,,102997715.0,False,
VIJIFIN,,,221000000.0,False,
VIJSOLX,,,,False,
VIKASECO,,,1768706024.0,False,
VIKASLIFE,,,1857668560.0,False,
VIKRAMSOLR,,,362354381.0,False,
VIKRAN,,,257911026.0,False,
VINCOFE,,,145688409.0,False,
VIMTALABS,,,44686904.0,False,
VINATIORGA,,,103740649.0,False,
VINDHYATEL,,,11850863.0,False,
VINEETLAB,,,19206266.0,False,
VINNY,,,465246622.0,False,
VIPCLOTHNG,,,90129519.0,False,
VINYLINDIA,,,18337111.0,False,
VIPIND,,,142053696.0,False,
VIPULLTD,,,140959480.0,False,
VIRAT,,,14523339.0,False,
VIRINCHI,,,112707372.0,False,
VISACHROME,,,145789500.0,False,
VIRTUALG,,,,False,
VISAKAIND,,,86404760.0,False,
VISHAL,,,197610003.0,False,
VISHWARAJ,,,217827700.0,False,
VISL,,,3910388057.0,False,
VITAL,,,23951100.0,False,
VISHNU,,,67315284.0,False,
VIVIANA,,,10042400.0,False,
VIVIDHA,,,292700534.0,False,
VIVIMEDLAB,,,82913915.0,False,
VIVOBIOT,,,,False,
VLSFINANCE,,,31378663.0,False,
VLEGOV,,,108451329.0,False,
VIYASH,,,439907588.0,False,
VMART,,,79575390.0,False,
VMSTMT,,,49631210.0,False,
VMM,,,4684808639.0,False,
VOLTAS,,,330884740.0,False,
VOEPL,,,34251071.0,False,
VOITHPAPR,,,,False,
VOGL,,,3904155728.0,False,
VOLTAMP,,,10117120.0,False,
VPRPL,,,125141156.0,False,
VRAJ,,,32982620.0,False,
VRLLOG,,,174936990.0,False,
VSTL,,,18962443.0,False,
VSTIND,,,169543660.0,False,
VSSL,,,96685678.0,False,
VSTTILLERS,,,8652754.0,False,
VTL,,,289475800.0,False,
WAAREEENER,,,287651335.0,False,
VTMLTD,,,100569000.0,False,
WAAREEINDO,,,41603691.0,False,
WAAREERTL,,,104379217.0,False,
WABAG,,,62478164.0,False,
WAKEFIT,,,331331698.0,False,
WALCHANNAG,,,67904532.0,False,
WARDINMOBI,,,,False,
WANBURY,,,34966928.0,False,
WATERBASE,,,41426779.0,False,
WCIL,,,101955213.0,False,
WEALTH,,,10655000.0,False,
WEIZMANIND,,,15493852.0,False,
WELCORP,,,263703928.0,False,
WEL,,,134008000.0,False,
WEBELSOLAR,,,434163470.0,False,
WELINV,,,3666538.0,False,
WELSPLSOL,,,,False,
WELENT,,,135613810.0,False,
WELSPUNLIV,,,948060014.0,False,
WESTLIFE,,,155215762.0,False,
WENDT,,,2000000.0,False,
WEWORK,,,138590252.0,False,
WHBRADY,,,,False,
WHEELS,,,24433012.0,False,
WEWIN,,,10161000.0,False,
WHIRLPOOL,,,126920341.0,False,
WIPRO,,,9892631919.0,False,
WILLAMAGOR,,,10956360.0,False,
WINDLAS,,,20636229.0,False,
WINDMACHIN,,,103459417.0,False,
WIPL,,,8487340.0,False,
WONDERLA,,,63422766.0,False,
WORTHPERI,,,15751000.0,False,
WSI,,,75895318.0,False,
WPIL,,,,False,
WOCKPHARMA,,,162492169.0,False,
WSTCSTPAPR,,,66048908.0,False,
XPROINDIA,,,23470391.0,False,
XTRANET,,,52285700.0,False,
YASHO,,,12052195.0,False,
XCHANGING,,,111403716.0,False,
XTGLOBAL,,,134123705.0,False,
XELPMOC,,,14799493.0,False,
YESBANK,,,31387786975.0,False,
YATHARTH,,,96354357.0,False,
YATRA,,,156916193.0,False,
YUKEN,,,13584000.0,False,
ZEEL,,,960519420.0,False,
ZAGGLE,,,134717159.0,False,
YOGI,,,,False,
ZEELEARN,,,327731291.0,False,
ZEEMEDIA,,,655428680.0,False,
ZENITHEXPO,,,5396250.0,False,
ZENTEC,,,89942136.0,False,
ZENSARTECH,,,226799456.0,False,
ZFCVINDIA,,,113805504.0,False,
ZFSTEERING,,,9073300.0,False,
ZENITHSTL,,,142280448.0,False,
ZIMLAB,,,53658488.0,False,
ZUARI,,,42058006.0,False,
ZOTA,,,30332656.0,False,
ZODIAC,,,,False,
ZODIACLOTH,,,27458131.0,False,
ZYDUSLIFE,,,997503832.0,False,
ZUARIIND,,,29781184.0,False,
ZSARACOM,,,,False,
ZYDUSWELL,,,318160720.0,False,
